Urban,Type,CID,b2,b3,b4,b8,b11,hue,sat,val,BUI,NDBI,VBI
1,3,0,0.1402000,0.1632000,0.1968000,0.3300000,0.3007000,0.0677268,0.2876020,0.1968000,-0.2993040,-0.0464563,-0.1874510
0,9,0,0.0624000,0.0894000,0.0998000,0.3544000,0.2026000,0.1203210,0.3747500,0.0998000,-0.8330770,-0.2725310,-0.5793910
1,1,0,0.2866000,0.3596000,0.4584000,0.4960000,0.5432000,0.0708188,0.3747820,0.4584000,0.0060231,0.0454196,0.1003600
1,1,0,0.4444000,0.4536000,0.4504000,0.4764000,0.3434000,0.2246380,0.0202821,0.4536000,-0.1902880,-0.1622350,0.9144000
1,3,0,0.1632000,0.1916000,0.1914000,0.3740000,0.3793000,0.1678400,0.1482250,0.1916000,-0.3159210,0.0070357,0.1276380
1,1,0,0.2042000,0.2710000,0.2710000,0.3488000,0.2938000,0.1666670,0.2464940,0.2710000,-0.2111140,-0.0855898,0.0473542
1,1,0,0.2308000,0.2822000,0.2968000,0.3452000,0.3273000,0.1297980,0.2223720,0.2968000,-0.1020070,-0.0266171,0.1433590
1,1,0,0.1668000,0.1968000,0.1832000,0.2344000,0.2577000,0.2422220,0.1524390,0.1968000,-0.0752573,0.0473481,0.1270220
1,1,0,0.2350000,0.2544000,0.2290000,0.2532000,0.3341000,0.3727030,0.0998428,0.2544000,0.0875624,0.1377490,0.4363030
1,1,0,0.2540000,0.2654000,0.2714000,0.2662000,0.3371000,0.1091950,0.0641120,0.2714000,0.1271930,0.1175200,0.6178260
1,1,0,0.2540000,0.2648000,0.3024000,0.3220000,0.3584000,0.0371901,0.1600530,0.3024000,0.0221078,0.0534979,0.3078090
1,1,0,0.2144000,0.2228000,0.2308000,0.2206000,0.2931000,0.0853659,0.0710572,0.2308000,0.1637290,0.1411330,0.5292000
1,1,0,0.3038000,0.3304000,0.3248000,0.3188000,0.4058000,0.2017540,0.0805085,0.3304000,0.1293890,0.1200660,0.6081440
1,1,0,0.3464000,0.3944000,0.4052000,0.4384000,0.3636000,0.1360540,0.1451140,0.4052000,-0.1326220,-0.0932668,0.4726150
1,1,0,0.4472000,0.4664000,0.4684000,0.4752000,0.3838000,0.1509430,0.0452605,0.4684000,-0.1136090,-0.1064030,0.8237730
1,1,0,0.1614000,0.1770000,0.1658000,0.2596000,0.3348000,0.2863250,0.0881356,0.1770000,-0.0939842,0.1265140,0.3351660
1,4,0,0.1500000,0.1870000,0.1942000,0.2674000,0.2596000,0.1395170,0.2276000,0.1942000,-0.1733800,-0.0148008,-0.0791852
1,1,0,0.2690000,0.3100000,0.3062000,0.2934000,0.3842000,0.1821140,0.1322580,0.3100000,0.1553500,0.1340020,0.4018960
1,1,0,0.2786000,0.2710000,0.2766000,0.2840000,0.4636000,0.7894740,0.0272793,0.2786000,0.2270350,0.2402350,0.8216340
1,1,0,0.3042000,0.3332000,0.3452000,0.3684000,0.3285000,0.1178860,0.1187720,0.3452000,-0.0897648,-0.0572536,0.4880220
1,1,0,0.2258000,0.2208000,0.2214000,0.3352000,0.2776000,0.6866660,0.0221435,0.2258000,-0.2984500,-0.0939948,0.8213830
1,3,0,0.1870000,0.2172000,0.2636000,0.3628000,0.3253000,0.0657093,0.2905920,0.2636000,-0.2128630,-0.0544979,-0.0487047
1,1,0,0.2924000,0.3228000,0.3204000,0.3424000,0.3259000,0.1798250,0.0941760,0.3228000,-0.0578820,-0.0246895,0.5482910
1,1,0,0.2972000,0.3244000,0.3086000,0.3356000,0.4056000,0.2634800,0.0838471,0.3244000,0.0525290,0.0944414,0.5892330
1,1,0,0.2542000,0.2770000,0.2854000,0.2768000,0.3642000,0.1217950,0.1093200,0.2854000,0.1516460,0.1363490,0.4460880
1,1,0,0.3316000,0.3368000,0.3416000,0.3212000,0.4142000,0.0866667,0.0292740,0.3416000,0.1572400,0.1264620,0.8421350
1,1,0,0.3592000,0.3616000,0.3564000,0.4164000,0.3411000,0.4230770,0.0143805,0.3616000,-0.1770460,-0.0994059,0.9235040
1,1,0,0.4252000,0.4948000,0.5244000,0.5204000,0.3734000,0.1169350,0.1891690,0.5244000,-0.1606380,-0.1644660,0.4697960
1,1,0,0.2788000,0.2634000,0.2492000,0.2360000,0.3506000,0.5867120,0.1061690,0.2788000,0.2225680,0.1953630,0.4484270
1,1,0,0.3100000,0.3276000,0.3272000,0.4140000,0.3522000,0.1704550,0.0537241,0.3276000,-0.1977650,-0.0806578,0.7182240
1,2,0,0.0777000,0.1266000,0.1974000,0.3340000,0.3831000,0.0680869,0.6063830,0.1974000,-0.1885870,0.0684702,-0.5088230
1,2,0,0.0695000,0.0951000,0.1792000,0.2434000,0.4589000,0.0388940,0.6121650,0.1792000,0.1549320,0.3068490,-0.5471120
1,1,0,0.3152000,0.3632000,0.3748000,0.4096000,0.4244000,0.1342280,0.1590180,0.3748000,-0.0266193,0.0177458,0.4042240
1,2,0,0.0809000,0.1074000,0.2088000,0.2730000,0.3239000,0.0345322,0.6125480,0.2088000,-0.0479764,0.0852739,-0.4915670
1,2,0,0.0830000,0.1092000,0.1504000,0.2900000,0.3101000,0.0647874,0.4481380,0.1504000,-0.2834900,0.0334944,-0.4974420
1,2,0,0.0870000,0.1124000,0.1632000,0.2644000,0.3756000,0.0555556,0.4669120,0.1632000,-0.0629198,0.1737500,-0.4819970
1,2,0,0.0830000,0.1030000,0.1538000,0.2466000,0.3045000,0.0470810,0.4603380,0.1538000,-0.1267060,0.1050630,-0.4991350
1,3,0,0.1710000,0.2106000,0.2226000,0.3416000,0.3447000,0.1279070,0.2318060,0.2226000,-0.2064010,0.0045170,-0.0202592
1,3,0,0.1880000,0.2148000,0.2326000,0.2710000,0.3236000,0.1001490,0.1917460,0.2326000,0.0122118,0.0884628,0.0962765
1,2,0,0.1060000,0.1338000,0.2048000,0.3132000,0.3413000,0.0468961,0.4824220,0.2048000,-0.1663330,0.0429335,-0.4039770
0,7,0,0.0558000,0.0798000,0.0863000,0.2358000,0.2546000,0.1311480,0.3534180,0.0863000,-0.4258060,0.0383361,-0.6074760
1,3,0,0.2014000,0.2216000,0.2598000,0.3776000,0.3189000,0.0576484,0.2247880,0.2598000,-0.2690920,-0.0842785,0.0722504
1,3,0,0.1886000,0.1896000,0.2176000,0.2478000,0.2413000,0.0057471,0.1332720,0.2176000,-0.0781801,-0.0132897,0.2403380
1,3,0,0.1804000,0.2204000,0.2374000,0.3172000,0.3459000,0.1169590,0.2401010,0.2374000,-0.1006060,0.0432816,-0.0056567
1,6,0,0.1880000,0.2188000,0.2198000,0.3012000,0.3102000,0.1614260,0.1446770,0.2198000,-0.1415180,0.0147203,0.2061120
1,3,0,0.1288000,0.1384000,0.1470000,0.1582000,0.1989000,0.0879121,0.1238090,0.1470000,0.0772764,0.1139740,0.0856340
1,3,0,0.1810000,0.2070000,0.2268000,0.2674000,0.2776000,0.0946143,0.2019400,0.2268000,-0.0634374,0.0187156,0.0579837
1,3,0,0.1880000,0.2376000,0.2240000,0.3104000,0.3110000,0.2123660,0.2087540,0.2376000,-0.1607110,0.0009656,0.0646253
1,3,0,0.1658000,0.1760000,0.1922000,0.3104000,0.3244000,0.0643939,0.1373570,0.1922000,-0.2131230,0.0220542,0.1664150
1,3,0,0.1838000,0.2084000,0.2088000,0.3136000,0.2714000,0.1640000,0.1197320,0.2088000,-0.2727490,-0.0721368,0.2711100
1,3,0,0.1874000,0.2302000,0.2400000,0.3144000,0.3876000,0.1356150,0.2191670,0.2400000,-0.0299256,0.1042740,0.0453721
1,3,0,0.1776000,0.2070000,0.2184000,0.3000000,0.3520000,0.1200980,0.1868130,0.2184000,-0.0776528,0.0797546,0.0779511
0,7,0,0.0840000,0.1168000,0.1162000,0.2874000,0.2522000,0.1697150,0.2808220,0.1168000,-0.4894160,-0.0652335,-0.4125070
1,6,0,0.1616000,0.2066000,0.2198000,0.3444000,0.3063000,0.1288660,0.2647860,0.2198000,-0.2793960,-0.0585523,-0.0928342
1,3,0,0.1572000,0.1804000,0.2120000,0.2916000,0.2673000,0.0705596,0.2584910,0.2120000,-0.2015400,-0.0434783,-0.0988130
1,1,0,0.2824000,0.2888000,0.3228000,0.3472000,0.3606000,0.0264026,0.1251550,0.3228000,-0.0174860,0.0189319,0.4412170
1,3,0,0.2108000,0.2340000,0.2596000,0.3484000,0.3314000,0.0792349,0.1879820,0.2596000,-0.1710600,-0.0250074,0.1600120
1,3,0,0.1882000,0.2006000,0.2366000,0.2770000,0.3472000,0.0426997,0.2045650,0.2366000,0.0338035,0.1124640,0.0726154
1,3,0,0.0879000,0.0997000,0.1114000,0.2264000,0.2242000,0.0836879,0.2109520,0.1114000,-0.3453200,-0.0048824,-0.3088290
1,3,0,0.2168000,0.2294000,0.2626000,0.3452000,0.3180000,0.0458515,0.1744100,0.2626000,-0.1769130,-0.0410133,0.2018040
1,3,0,0.1672000,0.1904000,0.2014000,0.3496000,0.3222000,0.1130600,0.1698110,0.2014000,-0.3097510,-0.0407859,0.0850962
1,3,0,0.1902000,0.2190000,0.2324000,0.3336000,0.3278000,0.1137440,0.1815830,0.2324000,-0.1875680,-0.0087693,0.1227500
1,2,0,0.0995000,0.1562000,0.2392000,0.2868000,0.4166000,0.0676450,0.5840300,0.2392000,0.0940380,0.1845320,-0.4188750
1,3,0,0.1844000,0.2522000,0.2364000,0.4016000,0.3725000,0.2055060,0.2688340,0.2522000,-0.2965260,-0.0375920,-0.0319255
1,1,0,0.3188000,0.3496000,0.3620000,0.3892000,0.3133000,0.1188270,0.1193370,0.3620000,-0.1442510,-0.1080430,0.5041440
0,7,0,0.0976000,0.1482000,0.1484000,0.3416000,0.2821000,0.1660110,0.3423180,0.1484000,-0.4896840,-0.0953984,-0.3951720
1,3,0,0.1432000,0.1638000,0.1880000,0.2858000,0.3653000,0.0766369,0.2382980,0.1880000,-0.0843151,0.1221010,-0.1179880
1,3,0,0.1638000,0.2106000,0.2242000,0.3086000,0.3290000,0.1291390,0.2694020,0.2242000,-0.1264130,0.0319950,-0.0915764
1,3,0,0.1094000,0.1372000,0.1316000,0.2688000,0.2887000,0.2002400,0.2026240,0.1372000,-0.3069620,0.0356951,-0.1925230
1,2,0,0.1206000,0.1510000,0.2100000,0.2602000,0.3307000,0.0566741,0.4257140,0.2100000,0.0125464,0.1193100,-0.3393260
1,3,0,0.1480000,0.1672000,0.2044000,0.2786000,0.3192000,0.0567376,0.2759300,0.2044000,-0.0857075,0.0679157,-0.1489180
1,2,0,0.0732000,0.1072000,0.1686000,0.1766000,0.2114000,0.0593990,0.5658360,0.1686000,0.0665158,0.0896907,-0.5408720
1,3,0,0.1080000,0.1196000,0.1472000,0.2916000,0.3138000,0.0493197,0.2663040,0.1472000,-0.2924090,0.0366700,-0.2880360
0,7,0,0.0517000,0.0756000,0.0866000,0.2366000,0.2294000,0.1141360,0.4030020,0.0866000,-0.4795600,-0.0154506,-0.6462440
1,3,0,0.1462000,0.1730000,0.2296000,0.3572000,0.3754000,0.0535571,0.3632400,0.2296000,-0.1926080,0.0248430,-0.2254240
1,1,0,0.2500000,0.2576000,0.2806000,0.4304000,0.3501000,0.0413944,0.1090520,0.2806000,-0.3135720,-0.1028830,0.4402590
1,2,0,0.0742000,0.0932000,0.1694000,0.2482000,0.3379000,0.0332633,0.5619840,0.1694000,-0.0356518,0.1530460,-0.5367680
1,3,0,0.1830000,0.2264000,0.2284000,0.3164000,0.2957000,0.1593250,0.1987740,0.2284000,-0.1953450,-0.0338180,0.0693532
1,3,0,0.1528000,0.1782000,0.2036000,0.3112000,0.3189000,0.0833334,0.2495090,0.2036000,-0.1967930,0.0122203,-0.1013200
1,3,0,0.1830000,0.1952000,0.1870000,0.1888000,0.2241000,0.2786880,0.0625000,0.1952000,0.0807031,0.0854929,0.5149400
1,1,0,0.4132000,0.4464000,0.4588000,0.5040000,0.4227000,0.1213450,0.0993897,0.4588000,-0.1346770,-0.0877307,0.6438860
1,3,0,0.1578000,0.1704000,0.1746000,0.2770000,0.2560000,0.1250000,0.0962199,0.1746000,-0.2661490,-0.0393996,0.2894180
1,3,0,0.2024000,0.2488000,0.2532000,0.3484000,0.3306000,0.1522310,0.2006320,0.2532000,-0.1844600,-0.0262150,0.1158320
1,3,0,0.1260000,0.1360000,0.1444000,0.3552000,0.3129000,0.0905798,0.1274240,0.1444000,-0.4852510,-0.0633139,0.0624529
1,6,0,0.1068000,0.1256000,0.1360000,0.2768000,0.3267000,0.1073060,0.2147060,0.1360000,-0.2584010,0.0826843,-0.2244210
1,3,0,0.1610000,0.1918000,0.2034000,0.2686000,0.3008000,0.1210690,0.2084560,0.2034000,-0.0815848,0.0565508,-0.0122767
1,3,0,0.1676000,0.2120000,0.2358000,0.3320000,0.3297000,0.1085040,0.2892280,0.2358000,-0.1729020,-0.0034759,-0.1017620
1,3,0,0.1600000,0.1788000,0.2170000,0.2410000,0.3131000,0.0549708,0.2626730,0.2170000,0.0777192,0.1301210,-0.0952166
1,3,0,0.1964000,0.2136000,0.2552000,0.3324000,0.3375000,0.0487528,0.2304080,0.2552000,-0.1237690,0.0076131,0.0510546
1,1,0,0.2698000,0.2790000,0.2984000,0.2634000,0.3945000,0.0536131,0.0958445,0.2984000,0.2615700,0.1992700,0.5137810
1,3,0,0.1014000,0.1302000,0.1628000,0.3196000,0.3440000,0.0781759,0.3771500,0.1628000,-0.2882720,0.0367691,-0.3969810
1,6,0,0.2116000,0.2356000,0.2846000,0.4928000,0.3059000,0.0547945,0.2565000,0.2846000,-0.5018210,-0.2340050,0.0519306
1,4,0,0.0878000,0.1244000,0.1428000,0.2352000,0.2842000,0.1109090,0.3851540,0.1428000,-0.1501050,0.0943396,-0.4590440
1,4,0,0.0882000,0.0980000,0.1078000,0.1956000,0.4225000,0.0833333,0.1818180,0.1078000,0.0777057,0.3670930,-0.2555720
0,7,0,0.0884000,0.1138000,0.1350000,0.2938000,0.3151000,0.0908440,0.3451850,0.1350000,-0.3353550,0.0349811,-0.4377170
1,4,0,0.0780000,0.1054000,0.1232000,0.2028000,0.2474000,0.1010320,0.3668830,0.1232000,-0.1451050,0.0990671,-0.4972280
1,4,0,0.1432000,0.1816000,0.1852000,0.2820000,0.2744000,0.1523810,0.2267820,0.1852000,-0.2208510,-0.0136592,-0.1009310
1,6,0,0.2304000,0.2454000,0.3090000,0.3452000,0.3366000,0.0318066,0.2543690,0.3090000,-0.0679484,-0.0126137,0.0969721
1,4,0,0.1490000,0.1692000,0.1954000,0.2946000,0.3035000,0.0725575,0.2374620,0.1954000,-0.1875690,0.0148805,-0.0971710
1,4,0,0.0742000,0.0871000,0.1066000,0.1660000,0.2654000,0.0663580,0.3039400,0.1066000,0.0125109,0.2304130,-0.4806840
1,4,0,0.1214000,0.1494000,0.1704000,0.2872000,0.2865000,0.0952381,0.2875590,0.1704000,-0.2564650,-0.0012202,-0.2558280
1,4,0,0.1832000,0.2036000,0.2272000,0.3352000,0.3466000,0.0772727,0.1936620,0.2272000,-0.1753140,0.0167204,0.0796889
1,4,0,0.1128000,0.1280000,0.1548000,0.2790000,0.3673000,0.0603175,0.2713180,0.1548000,-0.1496830,0.1366240,-0.2734400
1,4,0,0.1408000,0.1404000,0.1562000,0.3220000,0.3314000,0.9957810,0.1011520,0.1562000,-0.3323310,0.0143863,0.2139000
1,4,0,0.1522000,0.2026000,0.2146000,0.3156000,0.3215000,0.1346150,0.2907740,0.2146000,-0.1812330,0.0092607,-0.1507270
1,4,0,0.2714000,0.2154000,0.2490000,0.2866000,0.3061000,0.7666670,0.2063380,0.2714000,-0.0373014,0.0329003,0.1361890
1,4,0,0.1004000,0.1354000,0.1630000,0.2874000,0.3279000,0.0931842,0.3840490,0.1630000,-0.2103770,0.0658216,-0.4040750
1,4,0,0.1340000,0.1640000,0.1866000,0.2858000,0.3088000,0.0950570,0.2818860,0.1866000,-0.1713100,0.0386815,-0.2033920
1,4,0,0.1200000,0.1516000,0.1736000,0.2172000,0.2787000,0.0982587,0.3087560,0.1736000,0.0124509,0.1240170,-0.2801990
0,9,0,0.0748000,0.0980000,0.1002000,0.2830000,0.2352000,0.1522310,0.2534930,0.1002000,-0.5692780,-0.0922424,-0.4334070
1,6,0,0.1672000,0.2018000,0.2240000,0.3916000,0.3797000,0.1015260,0.2535710,0.2240000,-0.2876830,-0.0154285,-0.0619205
1,3,0,0.1562000,0.1722000,0.1560000,0.3100000,0.2933000,0.3353910,0.0940766,0.1722000,-0.3581530,-0.0276811,0.2933920
1,6,0,0.2154000,0.2544000,0.2814000,0.3436000,0.3421000,0.0984849,0.2345420,0.2814000,-0.1017080,-0.0021876,0.0908212
1,6,0,0.1316000,0.1642000,0.2078000,0.3144000,0.3302000,0.0713036,0.3666990,0.2078000,-0.1796250,0.0245113,-0.2765870
1,3,0,0.1166000,0.1306000,0.1406000,0.2734000,0.2848000,0.0972223,0.1706970,0.1406000,-0.3003500,0.0204228,-0.0966826
1,6,0,0.1350000,0.1740000,0.2144000,0.3300000,0.3785000,0.0818640,0.3703360,0.2144000,-0.1438890,0.0684545,-0.2666770
1,3,0,0.1990000,0.2386000,0.2690000,0.3002000,0.3546000,0.0942857,0.2602230,0.2690000,0.0282650,0.0830788,0.0165846
1,6,0,0.1110000,0.1376000,0.1538000,0.1896000,0.2332000,0.1035830,0.2782830,0.1538000,-0.0011296,0.1031220,-0.2881000
1,6,0,0.1690000,0.1918000,0.2222000,0.2844000,0.3352000,0.0714286,0.2394240,0.2222000,-0.0407909,0.0819884,-0.0373117
1,6,0,0.1798000,0.2132000,0.2120000,0.3208000,0.3155000,0.1726550,0.1566600,0.2132000,-0.2125340,-0.0083294,0.1528670
1,6,0,0.1786000,0.2118000,0.2398000,0.3588000,0.3489000,0.0904139,0.2552130,0.2398000,-0.2127860,-0.0139890,-0.0311359
1,6,0,0.1050000,0.1306000,0.1560000,0.2090000,0.3162000,0.0836601,0.3269230,0.1560000,0.0589072,0.2041130,-0.3539340
1,1,0,0.2932000,0.3184000,0.3416000,0.4040000,0.2936000,0.0867769,0.1416860,0.3416000,-0.2419480,-0.1582570,0.4136550
1,6,0,0.1044000,0.1464000,0.1852000,0.3078000,0.2822000,0.0866337,0.4362850,0.1852000,-0.2920710,-0.0433898,-0.4040080
1,4,0,0.0997000,0.1322000,0.1390000,0.2984000,0.3186000,0.1378290,0.2827340,0.1390000,-0.3316870,0.0327391,-0.3408160
1,6,0,0.1680000,0.2018000,0.2076000,0.2422000,0.2757000,0.1422560,0.1907510,0.2076000,-0.0122388,0.0646843,0.0422957
0,7,0,0.0723000,0.1036000,0.0949000,0.3792000,0.2356000,0.2129930,0.3021240,0.1036000,-0.8332340,-0.2335720,-0.4893070
1,6,0,0.1390000,0.1504000,0.1664000,0.3220000,0.3319000,0.0693431,0.1646630,0.1664000,-0.3034510,0.0151399,0.0052453
1,2,0,0.1356000,0.1566000,0.2402000,0.2746000,0.3288000,0.0334608,0.4354700,0.2402000,0.0230023,0.0898243,-0.2890020
1,6,0,0.1820000,0.2220000,0.2326000,0.3916000,0.2989000,0.1317520,0.2175410,0.2326000,-0.3889770,-0.1342510,0.0334543
1,3,0,0.1462000,0.1782000,0.1950000,0.2836000,0.3414000,0.1092900,0.2502560,0.1950000,-0.0926433,0.0924800,-0.1241000
1,4,0,0.1172000,0.1550000,0.1688000,0.2774000,0.3447000,0.1220930,0.3056870,0.1688000,-0.1352070,0.1081820,-0.2884950
1,3,0,0.2304000,0.2410000,0.3010000,0.3484000,0.3197000,0.0250236,0.2345520,0.3010000,-0.1159480,-0.0429576,0.1240750
1,3,0,0.1140000,0.1464000,0.1766000,0.2296000,0.2926000,0.0862620,0.3544730,0.1766000,-0.0098342,0.1206430,-0.3349320
0,7,0,0.1176000,0.1324000,0.1730000,0.3560000,0.2789000,0.0445247,0.3202310,0.1730000,-0.4673720,-0.1214360,-0.2985030
0,7,0,0.1082000,0.1416000,0.1598000,0.3028000,0.2681000,0.1078810,0.3229040,0.1598000,-0.3699040,-0.0607812,-0.3378960
1,3,0,0.1280000,0.1520000,0.1748000,0.2634000,0.3296000,0.0854701,0.2677340,0.1748000,-0.0905550,0.1116360,-0.2100050
1,3,0,0.1204000,0.1454000,0.1620000,0.2254000,0.2643000,0.1001600,0.2567900,0.1620000,-0.0842187,0.0794364,-0.2263430
1,3,0,0.1800000,0.1948000,0.2168000,0.3082000,0.3317000,0.0670290,0.1697420,0.2168000,-0.1373710,0.0367245,0.1217420
1,2,0,0.0650000,0.0930000,0.1206000,0.2634000,0.2708000,0.0839329,0.4610280,0.1206000,-0.3580230,0.0138525,-0.5853020
1,3,0,0.1770000,0.2068000,0.2384000,0.2824000,0.3075000,0.0808903,0.2575500,0.2384000,-0.0419358,0.0425496,-0.0386134
1,6,0,0.1824000,0.2276000,0.2192000,0.3752000,0.3929000,0.1976400,0.1985940,0.2276000,-0.2394060,0.0230439,0.0680582
1,6,0,0.2854000,0.3284000,0.3792000,0.4112000,0.5024000,0.0764037,0.2473630,0.3792000,0.0593390,0.0998249,0.2104130
1,6,0,0.2080000,0.2450000,0.2680000,0.2920000,0.3071000,0.1027780,0.2238810,0.2680000,-0.0176527,0.0252045,0.0896953
0,9,0,0.0976000,0.1560000,0.1824000,0.2896000,0.2485000,0.1147800,0.4649120,0.1824000,-0.3034990,-0.0763799,-0.4364390
1,6,0,0.1364000,0.1816000,0.2080000,0.2836000,0.3514000,0.1052140,0.3442310,0.2080000,-0.0470119,0.1067720,-0.2466920
1,6,0,0.1150000,0.1462000,0.1606000,0.3140000,0.3008000,0.1140350,0.2839350,0.1606000,-0.3446900,-0.0214704,-0.2774480
0,7,0,0.0998000,0.1190000,0.1508000,0.3034000,0.3006000,0.0627451,0.3381960,0.1508000,-0.3406110,-0.0046358,-0.3832260
1,6,0,0.1622000,0.1960000,0.2006000,0.3256000,0.3590000,0.1467010,0.1914260,0.2006000,-0.1887650,0.0487876,0.0234023
1,6,0,0.1570000,0.2120000,0.2828000,0.3068000,0.4089000,0.0728670,0.4448370,0.2828000,0.1019520,0.1426580,-0.2226900
1,6,0,0.1098000,0.1704000,0.1788000,0.2482000,0.2504000,0.1463770,0.3859060,0.1788000,-0.1581170,0.0044123,-0.3667500
1,6,0,0.1396000,0.1550000,0.1814000,0.2436000,0.2980000,0.0614035,0.2304300,0.1814000,-0.0459098,0.1004430,-0.1190540
1,6,0,0.2308000,0.2390000,0.2692000,0.4104000,0.3197000,0.0355902,0.1426450,0.2692000,-0.3319990,-0.1242300,0.3072880
1,4,0,0.0760000,0.1094000,0.1222000,0.3008000,0.3148000,0.1204910,0.3780690,0.1222000,-0.3994800,0.0227420,-0.5114630
1,3,0,0.1604000,0.1804000,0.2178000,0.3086000,0.3434000,0.0580720,0.2635450,0.2178000,-0.1191180,0.0533742,-0.0950349
1,3,0,0.2042000,0.2758000,0.2566000,0.2980000,0.2980000,0.2113590,0.2596080,0.2758000,-0.0746484,0.0000000,0.0302416
0,7,0,0.0490000,0.0828000,0.0744000,0.2622000,0.2537000,0.2080870,0.4082130,0.0828000,-0.5744080,-0.0164761,-0.6627380
0,7,0,0.0288000,0.0523000,0.0350000,0.3520000,0.1941000,0.2893620,0.4493310,0.0523000,-1.1082600,-0.2891410,-0.7914800
0,7,0,0.0346000,0.0621000,0.0439000,0.3792000,0.2199000,0.2769700,0.4428340,0.0621000,-1.0583800,-0.2658990,-0.7540270
0,7,0,0.0674000,0.1092000,0.1016000,0.2536000,0.2700000,0.1969700,0.3827840,0.1092000,-0.3966060,0.0313216,-0.5560830
0,7,0,0.0247000,0.0688000,0.0292000,0.4872000,0.1863000,0.3163270,0.6409880,0.0688000,-1.3336800,-0.4467710,-0.8061390
0,7,0,0.0351000,0.0678000,0.0581000,0.3030000,0.1963000,0.2161060,0.4823010,0.0678000,-0.8919050,-0.2136990,-0.7535000
0,7,0,0.0510000,0.0924000,0.0737000,0.3176000,0.2573000,0.2419480,0.4480520,0.0924000,-0.7281950,-0.1048880,-0.6580640
0,7,0,0.0369000,0.0777000,0.0530000,0.3540000,0.2334000,0.2675650,0.5250970,0.0777000,-0.9448690,-0.2053120,-0.7422020
0,7,0,0.0531000,0.0956000,0.0774000,0.3508000,0.2569000,0.2380390,0.4445610,0.0956000,-0.7930040,-0.1545170,-0.6460310
0,7,0,0.0388000,0.0717000,0.0540000,0.4052000,0.2966000,0.2563320,0.4588560,0.0717000,-0.9195530,-0.1547450,-0.7297180
0,7,0,0.0501000,0.0820000,0.0748000,0.3952000,0.2865000,0.2042840,0.3890240,0.0820000,-0.8411560,-0.1594540,-0.6518230
0,7,0,0.0446000,0.0751000,0.0738000,0.3904000,0.2390000,0.1737710,0.4061250,0.0751000,-0.9225800,-0.2405470,-0.6878800
0,7,0,0.0612000,0.1064000,0.1048000,0.3752000,0.3161000,0.1725660,0.4248120,0.1064000,-0.6488240,-0.0854911,-0.5994070
0,7,0,0.0574000,0.0886000,0.0856000,0.3724000,0.3034000,0.1826920,0.3521440,0.0886000,-0.7283020,-0.1021010,-0.5979530
0,7,0,0.0450000,0.0874000,0.0709000,0.3472000,0.2553000,0.2315250,0.4851260,0.0874000,-0.8133780,-0.1525310,-0.6946860
0,7,0,0.0508000,0.0822000,0.0798000,0.3372000,0.2913000,0.1794050,0.3819950,0.0822000,-0.6902970,-0.0730310,-0.6458390
0,7,0,0.0283000,0.0610000,0.0440000,0.3596000,0.2123000,0.2533130,0.5360660,0.0610000,-1.0395200,-0.2575630,-0.7956670
0,7,0,0.0586000,0.0977000,0.0908000,0.3112000,0.2542000,0.1960780,0.4002050,0.0977000,-0.6490720,-0.1008140,-0.6075550
0,7,0,0.0319000,0.0546000,0.0454000,0.3484000,0.1813000,0.2342140,0.4157510,0.0546000,-1.0848900,-0.3154620,-0.7678330
0,8,0,0.0217000,0.0364000,0.0210000,0.2314000,0.1550000,0.3409090,0.4230770,0.0364000,-1.0313200,-0.1977230,-0.8415590
0,7,0,0.0662000,0.1028000,0.1002000,0.3412000,0.3483000,0.1785060,0.3560310,0.1028000,-0.5356930,0.0102973,-0.5519050
0,7,0,0.0396000,0.0758000,0.0594000,0.3196000,0.2265000,0.2421730,0.4775730,0.0758000,-0.8570250,-0.1704820,-0.7260440
0,7,0,0.0542000,0.0860000,0.0787000,0.3480000,0.3373000,0.2049270,0.3697670,0.0860000,-0.6467360,-0.0156136,-0.6226150
0,7,0,0.0272000,0.0530000,0.0396000,0.2820000,0.1976000,0.2532300,0.4867920,0.0530000,-0.9297110,-0.1759800,-0.8036280
0,7,0,0.0614000,0.0930000,0.0844000,0.2978000,0.2318000,0.2120250,0.3397850,0.0930000,-0.6829690,-0.1246220,-0.5702250
0,7,0,0.0489000,0.0894000,0.0726000,0.3676000,0.3011000,0.2358020,0.4530200,0.0894000,-0.7695970,-0.0994467,-0.6703660
0,7,0,0.0400000,0.0791000,0.0610000,0.3528000,0.2311000,0.2438190,0.4943110,0.0791000,-0.9135980,-0.2084260,-0.7241070
0,7,0,0.0367000,0.0888000,0.0334000,0.5684000,0.2501000,0.3432610,0.6238740,0.0888000,-1.2778800,-0.3888820,-0.7507980
0,7,0,0.0620000,0.1046000,0.1098000,0.3672000,0.2576000,0.1485360,0.4353370,0.1098000,-0.7150390,-0.1754160,-0.5971650
0,7,0,0.0317000,0.0607000,0.0457000,0.3864000,0.2280000,0.2528740,0.4777590,0.0607000,-1.0462900,-0.2578120,-0.7745420
0,7,0,0.0290000,0.0634000,0.0418000,0.4672000,0.2745000,0.2713180,0.5425870,0.0634000,-1.0955600,-0.2598090,-0.7907540
0,7,0,0.0340000,0.0643000,0.0420000,0.3002000,0.2069000,0.2893290,0.4712290,0.0643000,-0.9385170,-0.1839870,-0.7598630
0,7,0,0.0446000,0.0885000,0.0624000,0.3704000,0.2446000,0.2657560,0.4960450,0.0885000,-0.9161980,-0.2045530,-0.6972000
0,7,0,0.0253000,0.0574000,0.0301000,0.5080000,0.2585000,0.3084110,0.5592330,0.0574000,-1.2136300,-0.3255060,-0.8138280
0,7,0,0.0390000,0.0726000,0.0564000,0.3836000,0.3029000,0.2470240,0.4628100,0.0726000,-0.8611890,-0.1175530,-0.7288060
0,7,0,0.0439000,0.0816000,0.0675000,0.4144000,0.2604000,0.2290010,0.4620100,0.0816000,-0.9480750,-0.2282160,-0.6997850
0,7,0,0.0407000,0.0878000,0.0516000,0.3992000,0.2305000,0.2947630,0.5364470,0.0878000,-1.0389800,-0.2679050,-0.7187010
0,7,0,0.0200000,0.0542000,0.0320000,0.3572000,0.1827000,0.2748540,0.6309960,0.0542000,-1.1587700,-0.3232080,-0.8417970
0,7,0,0.0473000,0.0902000,0.0688000,0.3132000,0.2453000,0.2498060,0.4756100,0.0902000,-0.7613660,-0.1215760,-0.6811650
1,6,0,0.1494000,0.1982000,0.2250000,0.3444000,0.3457000,0.1075840,0.3360000,0.2250000,-0.2078110,0.0018838,-0.1978610
0,7,0,0.0467000,0.0894000,0.0608000,0.3296000,0.2121000,0.2782980,0.4776290,0.0894000,-0.9054340,-0.2169100,-0.6846720
0,7,0,0.0436000,0.1013000,0.0662000,0.3784000,0.2562000,0.2680530,0.5695950,0.1013000,-0.8947660,-0.1925620,-0.6980150
0,7,0,0.0379000,0.0662000,0.0568000,0.3228000,0.2252000,0.2220260,0.4274920,0.0662000,-0.8788400,-0.1781020,-0.7318170
0,7,0,0.0326000,0.0650000,0.0440000,0.2718000,0.2102000,0.2746910,0.4984620,0.0650000,-0.8491430,-0.1278010,-0.7692830
0,7,0,0.0485000,0.0756000,0.0634000,0.3688000,0.2785000,0.2416970,0.3584660,0.0756000,-0.8461200,-0.1395030,-0.6516660
0,7,0,0.0322000,0.0739000,0.0486000,0.4344000,0.2313000,0.2677860,0.5642760,0.0739000,-1.1038500,-0.3050920,-0.7684020
0,7,0,0.0420000,0.0688000,0.0616000,0.2916000,0.2440000,0.2114430,0.3895350,0.0688000,-0.7400610,-0.0888723,-0.6997830
0,7,0,0.0592000,0.0849000,0.0868000,0.3356000,0.2792000,0.1551930,0.3179720,0.0868000,-0.6807520,-0.0917372,-0.5711170
0,7,0,0.0277000,0.0600000,0.0439000,0.4272000,0.2524000,0.2497420,0.5383330,0.0600000,-1.0708400,-0.2572100,-0.7994430
0,7,0,0.0647000,0.1158000,0.0976000,0.4276000,0.3091000,0.2260270,0.4412780,0.1158000,-0.7891850,-0.1608520,-0.5842590
0,7,0,0.0666000,0.1036000,0.1070000,0.3728000,0.3314000,0.1526400,0.3775700,0.1070000,-0.6127710,-0.0587901,-0.5583710
0,7,0,0.0471000,0.0768000,0.0690000,0.2640000,0.2436000,0.2104380,0.3867190,0.0768000,-0.6257750,-0.0401891,-0.6686220
0,7,0,0.0534000,0.0844000,0.0696000,0.4280000,0.2626000,0.2462370,0.3672990,0.0844000,-0.9597590,-0.2395020,-0.6262990
0,7,0,0.0836000,0.1056000,0.0995000,0.3308000,0.2989000,0.2128790,0.2083330,0.1056000,-0.5881910,-0.0506590,-0.3272460
0,7,0,0.0263000,0.0584000,0.0385000,0.3640000,0.2357000,0.2699900,0.5496580,0.0584000,-1.0226400,-0.2139400,-0.8079130
0,7,0,0.0563000,0.0919000,0.0790000,0.4216000,0.2630000,0.2270600,0.3873780,0.0919000,-0.9160470,-0.2316680,-0.6165060
0,7,0,0.1001000,0.1614000,0.1516000,0.3852000,0.3633000,0.1933120,0.3798020,0.1614000,-0.4644300,-0.0292585,-0.4035500
0,7,0,0.0398000,0.0832000,0.0604000,0.2980000,0.2370000,0.2542240,0.5216350,0.0832000,-0.7769650,-0.1140190,-0.7248830
0,7,0,0.0486000,0.0639000,0.0592000,0.2442000,0.1903000,0.2178650,0.2394370,0.0639000,-0.7338070,-0.1240510,-0.5786860
0,7,0,0.0434000,0.0803000,0.0636000,0.3896000,0.2611000,0.2420960,0.4595270,0.0803000,-0.9168090,-0.1974800,-0.7024970
0,7,0,0.0250000,0.0534000,0.0350000,0.2924000,0.1851000,0.2746480,0.5318350,0.0534000,-1.0109100,-0.2247120,-0.8175090
0,7,0,0.0383000,0.0753000,0.0526000,0.3692000,0.2050000,0.2689190,0.4913680,0.0753000,-1.0365601,-0.2859630,-0.7342360
0,7,0,0.0289000,0.0548000,0.0380000,0.3772000,0.2055000,0.2747750,0.4726280,0.0548000,-1.1116199,-0.2946630,-0.7921990
0,7,0,0.0271000,0.0537000,0.0334000,0.2988000,0.1878000,0.2938600,0.4953440,0.0537000,-1.0270300,-0.2281130,-0.8043870
0,7,0,0.0265000,0.0681000,0.0264000,0.5724000,0.2152000,0.3337330,0.6123350,0.0681000,-1.3653500,-0.4535300,-0.7998340
0,7,0,0.0368000,0.0760000,0.0405000,0.4308000,0.2083000,0.3176020,0.5157890,0.0760000,-1.1762800,-0.3481460,-0.7431520
0,7,0,0.0245000,0.0521000,0.0308000,0.4020000,0.2056000,0.2952900,0.5297500,0.0521000,-1.1809100,-0.3232390,-0.8209160
1,3,0,0.1108000,0.1464000,0.1698000,0.2916000,0.3002000,0.1005650,0.3474680,0.1698000,-0.2494470,0.0145319,-0.3434730
0,7,0,0.0474000,0.0744000,0.0666000,0.2686000,0.2297000,0.2148150,0.3629030,0.0744000,-0.6806910,-0.0780654,-0.6597330
1,6,0,0.2082000,0.2144000,0.2320000,0.4144000,0.3576000,0.0434174,0.1025860,0.2320000,-0.3557530,-0.0735751,0.3867880
0,8,0,0.0326000,0.0553000,0.0388000,0.0512000,0.0407000,0.2878120,0.4104880,0.0553000,-0.2520320,-0.1142550,-0.7625530
0,7,0,0.0430000,0.0854000,0.0636000,0.3908000,0.2707000,0.2523580,0.4964870,0.0854000,-0.9016270,-0.1815570,-0.7064720
1,6,0,0.1896000,0.2198000,0.2354000,0.3112000,0.3251000,0.1098980,0.1945620,0.2354000,-0.1168300,0.0218450,0.0949794
0,7,0,0.0427000,0.0788000,0.0468000,0.3868000,0.1861000,0.3144040,0.4581220,0.0788000,-1.1344600,-0.3503230,-0.7064750
0,7,0,0.0604000,0.0956000,0.0942000,0.2946000,0.2784000,0.1732950,0.3682010,0.0956000,-0.5437040,-0.0282723,-0.5877540
0,7,0,0.0632000,0.1166000,0.0844000,0.4156000,0.2704000,0.2671660,0.4579760,0.1166000,-0.8740620,-0.2116620,-0.5941360
0,7,0,0.0510000,0.0728000,0.0752000,0.2608000,0.2084000,0.1501380,0.3218090,0.0752000,-0.6640600,-0.1116790,-0.6211670
0,7,0,0.0400000,0.0825000,0.0744000,0.3332000,0.2793000,0.1984310,0.5151520,0.0825000,-0.7229360,-0.0880000,-0.7239190
1,3,0,0.1316000,0.1504000,0.1378000,0.2922000,0.2267000,0.2783690,0.1250000,0.1504000,-0.4852980,-0.1262290,0.0922297
0,7,0,0.0520000,0.1032000,0.0814000,0.4152000,0.3006000,0.2376300,0.4961240,0.1032000,-0.8322710,-0.1601010,-0.6556120
0,7,0,0.0507000,0.0910000,0.0736000,0.3078000,0.2703000,0.2386270,0.4428570,0.0910000,-0.6789210,-0.0648677,-0.6590850
0,7,0,0.0249000,0.0614000,0.0307000,0.5092000,0.2008000,0.3068490,0.5944630,0.0614000,-1.3206400,-0.4343660,-0.8127660
0,9,0,0.0860000,0.1220000,0.1544000,0.2994000,0.3243000,0.0877193,0.4430050,0.1544000,-0.2796010,0.0399230,-0.4830980
0,7,0,0.0712000,0.1212000,0.1110000,0.3304000,0.2451000,0.2006670,0.4125410,0.1212000,-0.6452740,-0.1482190,-0.5458470
0,7,0,0.0475000,0.0770000,0.0668000,0.2492000,0.2425000,0.2242940,0.3831170,0.0770000,-0.5908410,-0.0136262,-0.6653020
0,7,0,0.0460000,0.0886000,0.0814000,0.3572000,0.2154000,0.1948360,0.4808130,0.0886000,-0.8764610,-0.2476420,-0.6888020
0,7,0,0.0409000,0.0786000,0.0551000,0.3228000,0.2312000,0.2705570,0.4796440,0.0786000,-0.8737310,-0.1653430,-0.7184030
0,7,0,0.0277000,0.0545000,0.0330000,0.4792000,0.1999000,0.3003730,0.4917430,0.0545000,-1.2824200,-0.4112800,-0.8004550
0,7,0,0.0472000,0.0820000,0.0726000,0.2802000,0.2491000,0.2116860,0.4243900,0.0820000,-0.6471920,-0.0587568,-0.6761390
0,7,0,0.0380000,0.0700000,0.0560000,0.3456000,0.2384000,0.2395830,0.4571430,0.0700000,-0.9046770,-0.1835620,-0.7344170
0,9,0,0.0716000,0.1076000,0.1262000,0.3276000,0.3451000,0.1098900,0.4326470,0.1262000,-0.4177930,0.0260146,-0.5483560
0,7,0,0.0271000,0.0598000,0.0398000,0.3940000,0.2299000,0.2686030,0.5468230,0.0598000,-1.0795300,-0.2630230,-0.8028430
0,7,0,0.0390000,0.0838000,0.0578000,0.3996000,0.2352000,0.2633930,0.5346060,0.0838000,-1.0062500,-0.2589790,-0.7289810
0,7,0,0.0600000,0.1012000,0.0917000,0.3328000,0.2858000,0.2050970,0.4071150,0.1012000,-0.6439400,-0.0759780,-0.6018210
0,7,0,0.0881000,0.1192000,0.1032000,0.3696000,0.2670000,0.2524120,0.2609060,0.1192000,-0.7246200,-0.1611690,-0.3728070
0,7,0,0.0700000,0.1174000,0.1168000,0.4156000,0.3838000,0.1687760,0.4037480,0.1174000,-0.6010120,-0.0397798,-0.5494560
0,7,0,0.0372000,0.0818000,0.0687000,0.3476000,0.2773000,0.2156200,0.5452320,0.0818000,-0.7824480,-0.1124980,-0.7390880
0,7,0,0.0620000,0.1138000,0.0824000,0.5288000,0.3478000,0.2676960,0.4551850,0.1138000,-0.9368460,-0.2064800,-0.5999890
0,7,0,0.0794000,0.1276000,0.1218000,0.3568000,0.3265000,0.1867220,0.3777430,0.1276000,-0.5353590,-0.0443436,-0.4949960
0,7,0,0.0379000,0.0628000,0.0548000,0.3256000,0.2064000,0.2202140,0.3964970,0.0628000,-0.9359420,-0.2240600,-0.7265380
0,7,0,0.0380000,0.0680000,0.0470000,0.4136000,0.2280000,0.2833330,0.4411770,0.0680000,-1.0852000,-0.2892770,-0.7329020
0,7,0,0.0488000,0.0808000,0.0737000,0.2864000,0.2626000,0.2036460,0.3960400,0.0808000,-0.6340210,-0.0433515,-0.6611020
0,7,0,0.0640000,0.1024000,0.1008000,0.3548000,0.3360000,0.1736110,0.3750000,0.1024000,-0.5847210,-0.0272148,-0.5710100
0,7,0,0.0466000,0.0975000,0.0750000,0.5040000,0.3286000,0.2403410,0.5220510,0.0975000,-0.9515980,-0.2106650,-0.6852560
0,7,0,0.0490000,0.0834000,0.0727000,0.2872000,0.2616000,0.2185080,0.4124700,0.0834000,-0.6426460,-0.0466472,-0.6636220
0,7,0,0.0557000,0.1002000,0.0858000,0.4300000,0.2870000,0.2205990,0.4441120,0.1002000,-0.8667550,-0.1994420,-0.6318290
0,7,0,0.0457000,0.0952000,0.0644000,0.3860000,0.2542000,0.2703700,0.5199580,0.0952000,-0.9199050,-0.2058730,-0.6904860
0,7,0,0.0359000,0.0730000,0.0474000,0.3564000,0.2305000,0.2816710,0.5082190,0.0730000,-0.9797470,-0.2145170,-0.7488040
0,7,0,0.0415000,0.0770000,0.0650000,0.3820000,0.2619000,0.2230050,0.4610390,0.0770000,-0.8956920,-0.1865200,-0.7137750
0,7,0,0.0384000,0.0762000,0.0495000,0.3556000,0.1980000,0.2843920,0.4960630,0.0762000,-1.0403000,-0.2846820,-0.7336890
0,7,0,0.0366000,0.0670000,0.0550000,0.3888000,0.2335000,0.2324560,0.4537310,0.0670000,-1.0017000,-0.2495580,-0.7426700
0,7,0,0.0380000,0.0756000,0.0528000,0.3540000,0.2083000,0.2677300,0.4973550,0.0756000,-0.9995270,-0.2591140,-0.7361050
0,7,0,0.0324000,0.0670000,0.0320000,0.4756000,0.2351000,0.3352380,0.5223880,0.0670000,-1.2123200,-0.3383990,-0.7726460
0,7,0,0.0276000,0.0557000,0.0490000,0.2972000,0.2187000,0.2064060,0.5044880,0.0557000,-0.8690880,-0.1521610,-0.8011380
0,7,0,0.0245000,0.0500000,0.0337000,0.4024000,0.1763000,0.2732030,0.5100000,0.0500000,-1.2361500,-0.3907030,-0.8214290
0,7,0,0.0434000,0.0904000,0.0579000,0.4060000,0.2347000,0.2819150,0.5199120,0.0904000,-1.0177400,-0.2673640,-0.7037580
0,7,0,0.0510000,0.0892000,0.0802000,0.3916000,0.2986000,0.2059340,0.4282510,0.0892000,-0.7947690,-0.1347440,-0.6552330
0,7,0,0.0432000,0.0892000,0.0686000,0.3064000,0.2595000,0.2413040,0.5156950,0.0892000,-0.7170100,-0.0828768,-0.7050730
0,7,0,0.0434000,0.0738000,0.0655000,0.2500000,0.2391000,0.2121710,0.4119240,0.0738000,-0.6070720,-0.0222858,-0.6961240
0,7,0,0.0456000,0.0784000,0.0688000,0.3696000,0.3140000,0.2154470,0.4183670,0.0784000,-0.7674650,-0.0813341,-0.6843590
0,7,0,0.0431000,0.0802000,0.0662000,0.3456000,0.2404000,0.2295600,0.4625940,0.0802000,-0.8580070,-0.1795220,-0.7044920
0,7,0,0.0350000,0.0822000,0.0461000,0.4364000,0.2270000,0.2941380,0.5742090,0.0822000,-1.1245600,-0.3156470,-0.7495460
0,7,0,0.0731000,0.1142000,0.1124000,0.3572000,0.3046000,0.1739660,0.3598950,0.1142000,-0.6007750,-0.0794802,-0.5182400
0,7,0,0.0526000,0.0853000,0.0844000,0.3376000,0.2363000,0.1712540,0.3833530,0.0853000,-0.7765120,-0.1765120,-0.6359780
0,7,0,0.0684000,0.1186000,0.0897000,0.4432000,0.3297000,0.2626160,0.4232710,0.1186000,-0.8102010,-0.1468500,-0.5622580
0,7,0,0.0386000,0.0740000,0.0548000,0.4156000,0.2888000,0.2570620,0.4783780,0.0740000,-0.9470180,-0.1800110,-0.7320680
0,7,0,0.0762000,0.1218000,0.1152000,0.3716000,0.2880000,0.1907890,0.3743840,0.1218000,-0.6534490,-0.1267430,-0.5090530
1,6,0,0.1100000,0.1308000,0.1462000,0.1998000,0.1959000,0.0957642,0.2476060,0.1462000,-0.1647690,-0.0098560,-0.2575020
0,7,0,0.0442000,0.0838000,0.0672000,0.3388000,0.2440000,0.2365320,0.4725540,0.0838000,-0.8316290,-0.1626630,-0.6987530
0,7,0,0.0377000,0.0750000,0.0520000,0.2832000,0.2127000,0.2694370,0.4973330,0.0750000,-0.8319030,-0.1421660,-0.7379150
0,7,0,0.0326000,0.0835000,0.0550000,0.3824000,0.2320000,0.2599870,0.6095810,0.0835000,-0.9933060,-0.2447920,-0.7590470
0,7,0,0.0416000,0.0746000,0.0731000,0.3552000,0.2574000,0.1742420,0.4423590,0.0746000,-0.8182980,-0.1596470,-0.7113890
0,7,0,0.0430000,0.0865000,0.0794000,0.3196000,0.2511000,0.1938700,0.5028900,0.0865000,-0.7220330,-0.1200280,-0.7064760
0,7,0,0.0495000,0.0866000,0.0689000,0.3436000,0.2334000,0.2461810,0.4284060,0.0866000,-0.8569270,-0.1909880,-0.6636940
0,7,0,0.0472000,0.0827000,0.0653000,0.3120000,0.2370000,0.2483570,0.4292620,0.0827000,-0.7904680,-0.1366120,-0.6769290
0,7,0,0.0542000,0.0936000,0.0809000,0.4004000,0.3089000,0.2203890,0.4209400,0.0936000,-0.7928280,-0.1290000,-0.6361800
0,7,0,0.0608000,0.1028000,0.0973000,0.4224000,0.3229000,0.1884920,0.4085600,0.1028000,-0.7590560,-0.1335030,-0.5979350
0,7,0,0.0280000,0.0514000,0.0350000,0.2494000,0.1670000,0.2834760,0.4552530,0.0514000,-0.9517540,-0.1978870,-0.7971000
0,7,0,0.0468000,0.0862000,0.0694000,0.2902000,0.2583000,0.2377330,0.4570770,0.0862000,-0.6721740,-0.0581586,-0.6826660
0,7,0,0.0555000,0.1050000,0.0846000,0.3932000,0.2859000,0.2353540,0.4714290,0.1050000,-0.8038800,-0.1580030,-0.6356880
0,7,0,0.0389000,0.0804000,0.0556000,0.3976000,0.2484000,0.2662650,0.5161690,0.0804000,-0.9855930,-0.2309600,-0.7304590
0,7,0,0.0678000,0.1296000,0.0957000,0.3804000,0.2603000,0.2580910,0.4768520,0.1296000,-0.7854350,-0.1874510,-0.5725960
0,7,0,0.0415000,0.0684000,0.0570000,0.1830000,0.1407000,0.2372990,0.3932750,0.0684000,-0.6556770,-0.1306770,-0.7036880
0,7,0,0.0585000,0.1016000,0.1050000,0.3196000,0.3260000,0.1544800,0.4428570,0.1050000,-0.4955040,0.0099133,-0.6166880
0,7,0,0.0308000,0.0616000,0.0418000,0.4120000,0.2470000,0.2738100,0.5000000,0.0616000,-1.0661600,-0.2503790,-0.7806270
0,7,0,0.0535000,0.0941000,0.0794000,0.3116000,0.2525000,0.2270110,0.4314560,0.0941000,-0.6986310,-0.1047690,-0.6419030
0,9,0,0.1108000,0.1598000,0.1876000,0.4020000,0.3151000,0.1063370,0.4093820,0.1876000,-0.4848190,-0.1211830,-0.3715050
0,7,0,0.0324000,0.0683000,0.0468000,0.4164000,0.2230000,0.2664810,0.5256220,0.0683000,-1.1004000,-0.3024710,-0.7700040
0,7,0,0.0448000,0.0897000,0.0650000,0.3364000,0.2465000,0.2583520,0.5005570,0.0897000,-0.8303620,-0.1542290,-0.6960650
0,7,0,0.0382000,0.0755000,0.0744000,0.2410000,0.2744000,0.1715820,0.4940400,0.0755000,-0.4634140,0.0648040,-0.7348740
0,7,0,0.0479000,0.0929000,0.0672000,0.3472000,0.2418000,0.2618520,0.4843920,0.0929000,-0.8546230,-0.1789470,-0.6781520
1,4,0,0.0722000,0.1010000,0.0956000,0.1966000,0.2148000,0.1979170,0.2851490,0.1010000,-0.3014140,0.0442392,-0.4768850
0,7,0,0.0373000,0.0752000,0.0463000,0.3808000,0.1954000,0.2937560,0.5039890,0.0752000,-1.1049500,-0.3217630,-0.7403270
0,7,0,0.0554000,0.0861000,0.0862000,0.2770000,0.2674000,0.1661260,0.3573090,0.0862000,-0.5429650,-0.0176341,-0.6112820
0,7,0,0.0471000,0.0784000,0.0682000,0.2502000,0.2490000,0.2209800,0.3992350,0.0784000,-0.5740120,-0.0024038,-0.6717160
0,7,0,0.0381000,0.0704000,0.0584000,0.2576000,0.2292000,0.2285860,0.4588070,0.0704000,-0.6887200,-0.0583402,-0.7339410
0,7,0,0.0218000,0.0457000,0.0258000,0.3704000,0.1730000,0.3054390,0.5229760,0.0457000,-1.2330300,-0.3632680,-0.8392760
0,7,0,0.0461000,0.1004000,0.0696000,0.4588000,0.2794000,0.2612030,0.5408370,0.1004000,-0.9795870,-0.2430240,-0.6868550
0,7,0,0.0402000,0.0678000,0.0642000,0.3360000,0.2981000,0.1884060,0.4070800,0.0678000,-0.7389300,-0.0597698,-0.7144540
0,7,0,0.0403000,0.0888000,0.0598000,0.3776000,0.2894000,0.2663230,0.5461710,0.0888000,-0.8588000,-0.1322340,-0.7203020
1,2,0,0.0888000,0.1194000,0.2018000,0.3476000,0.3093000,0.0451327,0.5599600,0.2018000,-0.3236850,-0.0583042,-0.4701750
0,7,0,0.0493000,0.0902000,0.0713000,0.3116000,0.2651000,0.2436840,0.4534370,0.0902000,-0.7082100,-0.0806312,-0.6681610
0,7,0,0.0272000,0.0610000,0.0360000,0.5236000,0.1834000,0.2899410,0.5540980,0.0610000,-1.3525200,-0.4811880,-0.8016580
0,7,0,0.0499000,0.0921000,0.0706000,0.3980000,0.2775000,0.2515800,0.4581980,0.0921000,-0.8770630,-0.1783860,-0.6652720
0,7,0,0.0648000,0.1078000,0.1000000,0.3272000,0.3376000,0.1968990,0.3988870,0.1078000,-0.5161910,0.0156438,-0.5744910
0,7,0,0.0224000,0.0567000,0.0315000,0.4296000,0.2017000,0.2891160,0.6049380,0.0567000,-1.2243700,-0.3610010,-0.8286070
0,7,0,0.0441000,0.0896000,0.0568000,0.3308000,0.2256000,0.2868130,0.5078120,0.0896000,-0.8959870,-0.1890730,-0.7000400
0,7,0,0.0680000,0.1030000,0.0948000,0.3840000,0.3677000,0.2057140,0.3398060,0.1030000,-0.6256940,-0.0216842,-0.5347850
0,7,0,0.0312000,0.0602000,0.0446000,0.3452000,0.2196000,0.2563220,0.4817280,0.0602000,-0.9935440,-0.2223800,-0.7778300
0,7,0,0.0440000,0.0830000,0.0543000,0.3688000,0.2573000,0.2893160,0.4698800,0.0830000,-0.9214100,-0.1780870,-0.6997540
0,7,0,0.0466000,0.0824000,0.0794000,0.3804000,0.3016000,0.1806330,0.4344660,0.0824000,-0.7701750,-0.1155430,-0.6811550
0,7,0,0.0237000,0.0401000,0.0300000,0.3300000,0.1954000,0.2693090,0.4089780,0.0401000,-1.0895200,-0.2561860,-0.8214120
0,7,0,0.0240000,0.0536000,0.0292000,0.4072000,0.1819000,0.3040540,0.5522390,0.0536000,-1.2486300,-0.3824480,-0.8230550
0,7,0,0.0444000,0.0880000,0.0746000,0.3340000,0.2925000,0.2178900,0.4954550,0.0880000,-0.7010920,-0.0662410,-0.6983480
0,7,0,0.0342000,0.0770000,0.0510000,0.4008000,0.2317000,0.2679130,0.5558440,0.0770000,-1.0415900,-0.2673520,-0.7566540
0,7,0,0.0388000,0.0869000,0.0592000,0.4420000,0.2996000,0.2626470,0.5535100,0.0869000,-0.9557840,-0.1920170,-0.7286110
0,9,0,0.0769000,0.1150000,0.1288000,0.3440000,0.3473000,0.1223510,0.4029500,0.1288000,-0.4503870,0.0047736,-0.5155620
0,9,0,0.0485000,0.0771000,0.0760000,0.3068000,0.2411000,0.1730770,0.3709470,0.0771000,-0.7228380,-0.1199120,-0.6558400
0,7,0,0.0474000,0.0888000,0.0670000,0.3120000,0.2462000,0.2544280,0.4662160,0.0888000,-0.7643170,-0.1178790,-0.6800090
0,7,0,0.0404000,0.0792000,0.0600000,0.3006000,0.2327000,0.2491410,0.4898990,0.0792000,-0.7945420,-0.1273200,-0.7216650
0,7,0,0.0640000,0.1018000,0.0898000,0.3556000,0.2603000,0.2195770,0.3713160,0.1018000,-0.7515000,-0.1547330,-0.5696620
0,7,0,0.0224000,0.0456000,0.0328000,0.2790000,0.2376000,0.2586210,0.5087720,0.0456000,-0.8697480,-0.0801394,-0.8354900
0,7,0,0.0476000,0.0814000,0.0744000,0.2966000,0.2593000,0.2011830,0.4152330,0.0814000,-0.6660200,-0.0670984,-0.6721930
0,7,0,0.0247000,0.0446000,0.0357000,0.2938000,0.1942000,0.2412060,0.4461880,0.0446000,-0.9874060,-0.2040980,-0.8182520
0,7,0,0.0426000,0.0857000,0.0840000,0.3888000,0.2869000,0.1732400,0.5029170,0.0857000,-0.7954770,-0.1508070,-0.7088090
0,7,0,0.0359000,0.0624000,0.0476000,0.3112000,0.2200000,0.2597480,0.4246790,0.0624000,-0.9063580,-0.1716870,-0.7437790
0,7,0,0.0964000,0.1424000,0.1510000,0.3140000,0.3162000,0.1404150,0.3615890,0.1510000,-0.3470470,0.0034910,-0.4108340
0,7,0,0.0285000,0.0567000,0.0351000,0.2988000,0.1743000,0.2943260,0.4973540,0.0567000,-1.0529200,-0.2631580,-0.7953270
0,7,0,0.0235000,0.0533000,0.0358000,0.3132000,0.1854000,0.2645410,0.5590990,0.0533000,-1.0511600,-0.2563180,-0.8259310
0,7,0,0.0289000,0.0524000,0.0337000,0.2674000,0.1705000,0.2992910,0.4484730,0.0524000,-0.9974370,-0.2212830,-0.7907650
0,7,0,0.0681000,0.1204000,0.0938000,0.4308000,0.3270000,0.2514340,0.4343850,0.1204000,-0.7793700,-0.1369750,-0.5659580
0,7,0,0.0396000,0.0705000,0.0482000,0.3028000,0.2083000,0.2869470,0.4382980,0.0705000,-0.9102510,-0.1848950,-0.7228760
0,7,0,0.0323000,0.0728000,0.0410000,0.4820000,0.2210000,0.2975310,0.5563190,0.0728000,-1.2144800,-0.3712660,-0.7685650
0,7,0,0.0257000,0.0496000,0.0283000,0.4168000,0.1774000,0.3152020,0.4818550,0.0496000,-1.2757300,-0.4028950,-0.8133430
0,7,0,0.0536000,0.0866000,0.0794000,0.3372000,0.2691000,0.2030300,0.3810620,0.0866000,-0.7311400,-0.1123210,-0.6296470
0,7,0,0.0346000,0.0867000,0.0431000,0.4700000,0.2401000,0.3061420,0.6009230,0.0867000,-1.1557600,-0.3237570,-0.7478270
0,7,0,0.0445000,0.0832000,0.0629000,0.3056000,0.2508000,0.2540910,0.4651440,0.0832000,-0.7571060,-0.0984903,-0.6965410
0,7,0,0.0416000,0.0860000,0.0608000,0.3056000,0.2356000,0.2612610,0.5162790,0.0860000,-0.7974640,-0.1293420,-0.7144180
0,7,0,0.0434000,0.0772000,0.0593000,0.3184000,0.2304000,0.2549310,0.4378240,0.0772000,-0.8463440,-0.1603500,-0.7002080
0,7,0,0.0669000,0.1230000,0.1276000,0.3920000,0.2873000,0.1540360,0.4757050,0.1276000,-0.6629820,-0.1541290,-0.5769970
0,7,0,0.0220000,0.0516000,0.0263000,0.4084000,0.1828000,0.3091220,0.5736430,0.0516000,-1.2605900,-0.3815970,-0.8349440
1,1,0,0.2392000,0.2670000,0.2548000,0.2590000,0.3027000,0.2398080,0.1041200,0.2670000,0.0696251,0.0777995,0.4388880
0,7,0,0.0381000,0.0760000,0.0576000,0.3848000,0.2601000,0.2475810,0.4986840,0.0760000,-0.9329650,-0.1933630,-0.7355070
0,7,0,0.0502000,0.0898000,0.0758000,0.3572000,0.2488000,0.2255890,0.4409800,0.0898000,-0.8287620,-0.1788780,-0.6616300
0,7,0,0.0460000,0.0764000,0.0836000,0.2812000,0.2478000,0.1347520,0.4497610,0.0836000,-0.6048050,-0.0631380,-0.6865160
0,7,0,0.0419000,0.0850000,0.0604000,0.3980000,0.2288000,0.2617940,0.5070590,0.0850000,-1.0064200,-0.2699430,-0.7128660
0,7,0,0.0622000,0.1036000,0.0717000,0.3932000,0.2381000,0.2950890,0.3996140,0.1036000,-0.9372300,-0.2456840,-0.5882470
0,7,0,0.0313000,0.0764000,0.0426000,0.3604000,0.2072000,0.2915740,0.5903140,0.0764000,-1.0584900,-0.2699080,-0.7708160
0,7,0,0.0302000,0.0644000,0.0379000,0.3964000,0.1847000,0.2958090,0.5310560,0.0644000,-1.1897800,-0.3643090,-0.7836950
0,7,0,0.0419000,0.1018000,0.0513000,0.4508000,0.2297000,0.3071790,0.5884090,0.1018000,-1.1205699,-0.3249080,-0.7050170
0,7,0,0.0362000,0.0704000,0.0608000,0.3380000,0.2553000,0.2134500,0.4857950,0.0704000,-0.8344750,-0.1393900,-0.7468520
0,7,0,0.0368000,0.0669000,0.0474000,0.2966000,0.1958000,0.2746400,0.4499250,0.0669000,-0.9291300,-0.2047120,-0.7411120
0,7,0,0.0536000,0.0986000,0.0844000,0.3544000,0.2753000,0.2192590,0.4563890,0.0986000,-0.7409300,-0.1256150,-0.6446780
0,7,0,0.0423000,0.0824000,0.0565000,0.3716000,0.2394000,0.2743140,0.4866500,0.0824000,-0.9524100,-0.2163670,-0.7103950
0,7,0,0.1002000,0.1184000,0.1396000,0.2814000,0.2419000,0.0769882,0.2822350,0.1396000,-0.4123000,-0.0754825,-0.3381300
0,7,0,0.0365000,0.0641000,0.0438000,0.2862000,0.2001000,0.2892510,0.4305770,0.0641000,-0.9115970,-0.1770510,-0.7408410
0,7,0,0.0374000,0.0648000,0.0516000,0.2592000,0.2140000,0.2469590,0.4228400,0.0648000,-0.7634740,-0.0955199,-0.7342300
0,7,0,0.0429000,0.0794000,0.0612000,0.4080000,0.2303000,0.2497720,0.4596980,0.0794000,-1.0175300,-0.2783960,-0.7054340
0,7,0,0.0504000,0.0901000,0.0643000,0.5088000,0.3173000,0.2749790,0.4406220,0.0901000,-1.0074199,-0.2318120,-0.6604620
0,9,0,0.0736000,0.1064000,0.1222000,0.3100000,0.3595000,0.1124830,0.3977090,0.1222000,-0.3605850,0.0739358,-0.5299170
0,7,0,0.0362000,0.0726000,0.0585000,0.4320000,0.2628000,0.2312270,0.5013770,0.0726000,-1.0049900,-0.2435230,-0.7470280
0,9,0,0.0847000,0.1172000,0.1474000,0.2746000,0.2688000,0.0863902,0.4253730,0.1474000,-0.3120950,-0.0106735,-0.4853110
0,9,0,0.0966000,0.1236000,0.1720000,0.2520000,0.4415000,0.0596817,0.4383720,0.1720000,0.0845724,0.2732520,-0.4364090
0,9,0,0.0792000,0.1140000,0.1298000,0.3396000,0.3693000,0.1146240,0.3898310,0.1298000,-0.4050580,0.0418959,-0.5004140
1,6,0,0.1658000,0.1892000,0.2312000,0.3044000,0.3138000,0.0596330,0.2828720,0.2312000,-0.1214640,0.0152054,-0.1005150
0,7,0,0.0689000,0.1042000,0.1060000,0.3220000,0.2503000,0.1585800,0.3500000,0.1060000,-0.6299570,-0.1252840,-0.5350880
0,9,0,0.1546000,0.1962000,0.2512000,0.3050000,0.3580000,0.0717736,0.3845540,0.2512000,-0.0167881,0.0799397,-0.2097570
0,9,0,0.1296000,0.1646000,0.2092000,0.2554000,0.3023000,0.0732831,0.3804970,0.2092000,-0.0153450,0.0840954,-0.2904830
0,7,0,0.0732000,0.0968000,0.1206000,0.3144000,0.2987000,0.0829817,0.3930350,0.1206000,-0.4711250,-0.0256076,-0.5304060
1,3,0,0.1680000,0.2208000,0.2310000,0.3552000,0.3233000,0.1396830,0.2727270,0.2310000,-0.2588890,-0.0470155,-0.0828371
0,9,0,0.0760000,0.0867000,0.0938000,0.3054000,0.2381000,0.1001870,0.1897650,0.0938000,-0.6538870,-0.1238270,-0.3384240
0,9,0,0.0810000,0.1088000,0.1368000,0.2598000,0.3482000,0.0830346,0.4078950,0.1368000,-0.1647410,0.1453950,-0.4977000
1,1,0,0.5460000,0.5400000,0.5636000,0.5804000,0.5159000,0.9576270,0.0418736,0.5636000,-0.0735196,-0.0588343,0.8616830
0,9,0,0.0864000,0.1244000,0.1644000,0.3090000,0.3291000,0.0811966,0.4744530,0.1644000,-0.2739500,0.0314998,-0.4853270
0,9,0,0.1070000,0.1406000,0.1882000,0.2896000,0.4664000,0.0689655,0.4314560,0.1882000,0.0216397,0.2338620,-0.3925660
0,7,0,0.0598000,0.0918000,0.0860000,0.2688000,0.2399000,0.1968750,0.3485840,0.0918000,-0.5720310,-0.0568115,-0.5830910
0,9,0,0.0889000,0.1204000,0.1536000,0.2778000,0.3894000,0.0811437,0.4212240,0.1536000,-0.1206340,0.1672660,-0.4655760
1,3,0,0.1210000,0.1580000,0.1776000,0.3124000,0.3086000,0.1089520,0.3186940,0.1776000,-0.2812210,-0.0061192,-0.2842950
1,6,0,0.1512000,0.1888000,0.2378000,0.3540000,0.3651000,0.0723634,0.3641720,0.2378000,-0.1809140,0.0154360,-0.2099290
1,2,0,0.0758000,0.1032000,0.1508000,0.2868000,0.2551000,0.0608889,0.4973470,0.1508000,-0.3692840,-0.0584979,-0.5346740
0,7,0,0.0812000,0.1228000,0.1306000,0.3054000,0.2350000,0.1403510,0.3782540,0.1306000,-0.5311910,-0.1302740,-0.4866900
0,9,0,0.0839000,0.1266000,0.1564000,0.3284000,0.3534000,0.0981609,0.4635550,0.1564000,-0.3181180,0.0366676,-0.4954470
0,9,0,0.0750000,0.0986000,0.1342000,0.2500000,0.2985000,0.0664414,0.4411330,0.1342000,-0.2129830,0.0884230,-0.5334870
0,9,0,0.1072000,0.1526000,0.1930000,0.4132000,0.3734000,0.0881896,0.4445600,0.1930000,-0.4138440,-0.0505975,-0.3945660
0,9,0,0.0578000,0.0906000,0.1050000,0.2632000,0.3158000,0.1158190,0.4495240,0.1050000,-0.3388120,0.0908463,-0.6212970
0,9,0,0.1262000,0.1818000,0.2186000,0.4272000,0.4181000,0.1002890,0.4226900,0.2186000,-0.3337760,-0.0107654,-0.3182490
0,9,0,0.0641000,0.0993000,0.1208000,0.2788000,0.3074000,0.1034690,0.4693710,0.1208000,-0.3466070,0.0487888,-0.5906270
1,3,0,0.1970000,0.2128000,0.2378000,0.3244000,0.3348000,0.0645425,0.1715730,0.2378000,-0.1382610,0.0157767,0.1617770
0,9,0,0.0742000,0.1078000,0.1432000,0.2896000,0.2513000,0.0811594,0.4818440,0.1432000,-0.4090700,-0.0708079,-0.5417920
0,9,0,0.0733000,0.1122000,0.1416000,0.3038000,0.3742000,0.0949244,0.4823450,0.1416000,-0.2603320,0.1038350,-0.5461140
0,9,0,0.0956000,0.1226000,0.1762000,0.2548000,0.4500000,0.0558313,0.4574350,0.1762000,0.0945914,0.2769580,-0.4438440
0,9,0,0.1138000,0.1522000,0.1820000,0.3176000,0.3400000,0.0938416,0.3747250,0.1820000,-0.2373540,0.0340633,-0.3461770
0,9,0,0.0792000,0.0997000,0.1436000,0.2126000,0.3047000,0.0530538,0.4484680,0.1436000,-0.0156716,0.1780400,-0.5149210
0,9,0,0.1001000,0.1330000,0.1786000,0.3052000,0.2694000,0.0698514,0.4395300,0.1786000,-0.3239830,-0.0623042,-0.4221280
0,9,0,0.1002000,0.1356000,0.1788000,0.3140000,0.3327000,0.0750636,0.4395970,0.1788000,-0.2454350,0.0289160,-0.4217310
0,9,0,0.1032000,0.1346000,0.1864000,0.2626000,0.4146000,0.0629006,0.4463520,0.1864000,0.0547432,0.2244540,-0.4108280
1,6,0,0.1390000,0.1716000,0.2172000,0.2786000,0.3764000,0.0694800,0.3600370,0.2172000,0.0254727,0.1493130,-0.2474490
1,6,0,0.1546000,0.2136000,0.2796000,0.3432000,0.4034000,0.0786667,0.4470670,0.2796000,-0.0214873,0.0806322,-0.2304590
0,9,0,0.0384000,0.0480000,0.0639000,0.1058000,0.1417000,0.0627451,0.3990610,0.0639000,-0.1018560,0.1450510,-0.7239510
0,9,0,0.0797000,0.1074000,0.1490000,0.2464000,0.3003000,0.0666186,0.4651010,0.1490000,-0.1477410,0.0985916,-0.5147380
0,9,0,0.1408000,0.1852000,0.2326000,0.3344000,0.3020000,0.0806100,0.3946690,0.2326000,-0.2304530,-0.0509114,-0.2583720
0,9,0,0.0550000,0.0806000,0.0980000,0.2566000,0.2133000,0.0992248,0.4387760,0.0980000,-0.5394120,-0.0921473,-0.6348570
0,9,0,0.1208000,0.1688000,0.2144000,0.3444000,0.3127000,0.0854701,0.4365670,0.2144000,-0.2808840,-0.0482423,-0.3412880
1,6,0,0.1604000,0.2054000,0.2590000,0.3572000,0.3583000,0.0760649,0.3806950,0.2590000,-0.1578260,0.0015374,-0.1902390
0,9,0,0.0720000,0.1104000,0.1232000,0.3492000,0.2888000,0.1250000,0.4155840,0.1232000,-0.5730790,-0.0946708,-0.5426740
0,9,0,0.1022000,0.1258000,0.1312000,0.3212000,0.2410000,0.1356320,0.2210370,0.1312000,-0.5626360,-0.1426540,-0.2550460
0,9,0,0.0700000,0.0957000,0.1274000,0.1938000,0.2825000,0.0746225,0.4505490,0.1274000,-0.0204976,0.1862270,-0.5591310
0,9,0,0.0611000,0.0972000,0.1042000,0.2408000,0.2802000,0.1395980,0.4136280,0.1042000,-0.3203180,0.0756238,-0.5975490
0,9,0,0.1428000,0.1892000,0.1944000,0.3424000,0.3255000,0.1498710,0.2654320,0.1944000,-0.3010110,-0.0253032,-0.1544740
1,6,0,0.1376000,0.1886000,0.2224000,0.3332000,0.3445000,0.1002360,0.3812950,0.2224000,-0.1827500,0.0166740,-0.2632040
0,9,0,0.0974000,0.1268000,0.1668000,0.2544000,0.4206000,0.0706052,0.4160670,0.1668000,0.0382450,0.2462220,-0.4276570
0,7,0,0.0681000,0.1124000,0.1164000,0.3724000,0.3204000,0.1528640,0.4149480,0.1164000,-0.5987890,-0.0750577,-0.5618690
0,9,0,0.1284000,0.1760000,0.2228000,0.2974000,0.3734000,0.0840395,0.4236980,0.2228000,-0.0301088,0.1132980,-0.3107480
0,9,0,0.1022000,0.1380000,0.1794000,0.3124000,0.3378000,0.0772884,0.4303230,0.1794000,-0.2313700,0.0390649,-0.4115360
1,1,0,0.6788000,0.5700000,0.5424000,0.5412000,0.4279000,0.6329420,0.2009430,0.6788000,-0.1158050,-0.1169130,0.5431780
1,3,0,0.1382000,0.1594000,0.1902000,0.2850000,0.2829000,0.0679487,0.2733960,0.1902000,-0.2031930,-0.0036978,-0.1794590
1,1,0,0.2692000,0.3112000,0.3540000,0.3960000,0.3749000,0.0825472,0.2395480,0.3540000,-0.0833706,-0.0273706,0.1928270
0,9,0,0.0824000,0.1080000,0.1334000,0.3416000,0.2660000,0.0836601,0.3823090,0.1334000,-0.5627400,-0.1244240,-0.4826540
1,3,0,0.2170000,0.2098000,0.2232000,0.3480000,0.2865000,0.9104480,0.0600358,0.2232000,-0.3154140,-0.0969267,0.5760720
0,9,0,0.1378000,0.1788000,0.2020000,0.3440000,0.2969000,0.1064380,0.3178220,0.2020000,-0.3335640,-0.0734904,-0.2228110
1,3,0,0.1094000,0.1504000,0.1626000,0.2932000,0.3259000,0.1284460,0.3271830,0.1626000,-0.2337110,0.0528186,-0.3360330
0,9,0,0.0968000,0.1216000,0.1378000,0.2756000,0.2097000,0.1008130,0.2975330,0.1378000,-0.4691260,-0.1357920,-0.3669210
1,1,0,0.3376000,0.3728000,0.4044000,0.4964000,0.3389000,0.0878244,0.1651830,0.4044000,-0.2906860,-0.1885550,0.4199860
0,8,0,0.0259000,0.0648000,0.0333000,0.0742000,0.0173000,0.3016280,0.6003090,0.0648000,-1.0023201,-0.6218580,-0.8051450
0,7,0,0.0520000,0.0954000,0.0798000,0.3708000,0.2428000,0.2265740,0.4549270,0.0954000,-0.8544110,-0.2086050,-0.6532970
0,7,0,0.0516000,0.0900000,0.0702000,0.3716000,0.2574000,0.2526040,0.4266670,0.0900000,-0.8637670,-0.1815580,-0.6516130
0,7,0,0.0488000,0.0964000,0.0722000,0.3916000,0.2575000,0.2514010,0.4937760,0.0964000,-0.8952530,-0.2065940,-0.6733180
0,7,0,0.0474000,0.0804000,0.0712000,0.3532000,0.2687000,0.2131310,0.4104480,0.0804000,-0.8003410,-0.1358740,-0.6724040
0,8,0,0.0175000,0.0290000,0.0244000,0.0426000,0.0781000,0.2333330,0.3965520,0.0290000,0.0224759,0.2941180,-0.8637060
0,7,0,0.0572000,0.0954000,0.0814000,0.3672000,0.2338000,0.2277490,0.4004190,0.0954000,-0.8590570,-0.2219630,-0.6151820
0,7,0,0.0504000,0.0917000,0.0762000,0.4096000,0.3013000,0.2292170,0.4503820,0.0917000,-0.8386330,-0.1523420,-0.6616750
0,7,0,0.0217000,0.0493000,0.0273000,0.5768000,0.2633000,0.2995170,0.5598380,0.0493000,-1.2827899,-0.3731700,-0.8381320
0,7,0,0.0409000,0.0798000,0.0500000,0.3920000,0.2302000,0.2943440,0.4874690,0.0798000,-1.0338000,-0.2600450,-0.7186520
0,7,0,0.0551000,0.0872000,0.0846000,0.3124000,0.2559000,0.1801660,0.3681190,0.0872000,-0.6732230,-0.0994193,-0.6169720
0,7,0,0.0407000,0.0822000,0.0683000,0.3448000,0.2658000,0.2224900,0.5048660,0.0822000,-0.7987100,-0.1293810,-0.7199630
0,7,0,0.0238000,0.0439000,0.0389000,0.3628000,0.1803000,0.2081260,0.4578590,0.0439000,-1.1423600,-0.3360340,-0.8250150
0,8,0,0.0440000,0.1430000,0.0628000,0.0540000,0.0119000,0.3016840,0.6923080,0.1430000,-0.5635040,-0.6388470,-0.6576110
0,7,0,0.0494000,0.0986000,0.0700000,0.3376000,0.2565000,0.2635500,0.4989860,0.0986000,-0.7930350,-0.1365090,-0.6700060
0,7,0,0.0464000,0.0875000,0.0662000,0.3760000,0.2325000,0.2530410,0.4697140,0.0875000,-0.9364140,-0.2358260,-0.6859380
0,7,0,0.0447000,0.0764000,0.0656000,0.2786000,0.2578000,0.2234490,0.4149210,0.0764000,-0.6576030,-0.0387770,-0.6890020
0,7,0,0.0377000,0.0784000,0.0503000,0.3852000,0.2147000,0.2817360,0.5191330,0.0784000,-1.0532200,-0.2842140,-0.7375880
0,9,0,0.0472000,0.0742000,0.0804000,0.3068000,0.2928000,0.1355420,0.4129350,0.0804000,-0.6080600,-0.0233489,-0.6740550
0,7,0,0.0382000,0.0766000,0.0544000,0.3192000,0.2412000,0.2630210,0.5013060,0.0766000,-0.8479660,-0.1391860,-0.7349050
0,7,0,0.0558000,0.0935000,0.0988000,0.2810000,0.3052000,0.1461240,0.4352230,0.0988000,-0.4384430,0.0412828,-0.6299780
0,7,0,0.0461000,0.0760000,0.0830000,0.3396000,0.2562000,0.1350500,0.4445780,0.0830000,-0.7471730,-0.1399800,-0.6853550
0,7,0,0.0226000,0.0492000,0.0256000,0.5700000,0.2418000,0.3145360,0.5406500,0.0492000,-1.3183200,-0.4042870,-0.8331780
0,7,0,0.0655000,0.1150000,0.0922000,0.3740000,0.2436000,0.2434340,0.4304350,0.1150000,-0.8156020,-0.2111400,-0.5783180
0,7,0,0.0296000,0.0682000,0.0444000,0.3576000,0.1886000,0.2694300,0.5659820,0.0682000,-1.0885100,-0.3094100,-0.7849200
0,7,0,0.0402000,0.0863000,0.0562000,0.3432000,0.2541000,0.2754880,0.5341830,0.0863000,-0.8677490,-0.1491710,-0.7218300
0,7,0,0.0312000,0.0560000,0.0384000,0.4464000,0.1963000,0.2849460,0.4428570,0.0560000,-1.2307200,-0.3891400,-0.7754870
0,7,0,0.0342000,0.0712000,0.0435000,0.3256000,0.2171000,0.2914410,0.5196630,0.0712000,-0.9642180,-0.1999260,-0.7589970
0,7,0,0.0454000,0.0920000,0.0668000,0.4256000,0.2777000,0.2567950,0.5065220,0.0920000,-0.9389700,-0.2102940,-0.6925760
0,7,0,0.0314000,0.0572000,0.0481000,0.3780000,0.2017000,0.2254520,0.4510490,0.0572000,-1.0783499,-0.3041230,-0.7749130
0,7,0,0.0271000,0.0486000,0.0380000,0.3608000,0.1784000,0.2488370,0.4423870,0.0486000,-1.1477100,-0.3382790,-0.8020310
0,7,0,0.0552000,0.1006000,0.0874000,0.4168000,0.2289000,0.2151250,0.4512920,0.1006000,-0.9443140,-0.2910020,-0.6354360
0,9,0,0.0928000,0.1230000,0.1588000,0.2880000,0.2910000,0.0762626,0.4156170,0.1588000,-0.2839860,0.0051813,-0.4470920
0,7,0,0.0344000,0.0656000,0.0434000,0.4312000,0.2589000,0.2852560,0.4756100,0.0656000,-1.0667800,-0.2496740,-0.7575800
0,9,0,0.0692000,0.0958000,0.1050000,0.3156000,0.3126000,0.1238360,0.3409520,0.1050000,-0.5054890,-0.0047756,-0.5290980
0,8,0,0.0101000,0.0206000,0.0098000,0.0245000,0.0281000,0.3379630,0.5242720,0.0206000,-0.3601300,0.0684411,-0.9243860
0,7,0,0.0544000,0.0912000,0.0852000,0.3028000,0.2733000,0.1938410,0.4035090,0.0912000,-0.6120310,-0.0512064,-0.6312980
0,7,0,0.0463000,0.0877000,0.0700000,0.3740000,0.2319000,0.2379230,0.4720640,0.0877000,-0.9192120,-0.2345270,-0.6866540
0,7,0,0.0307000,0.0560000,0.0524000,0.2800000,0.2453000,0.1903820,0.4517860,0.0560000,-0.7507750,-0.0660575,-0.7794350
0,7,0,0.0234000,0.0487000,0.0243000,0.4896000,0.2199000,0.3274040,0.5195070,0.0487000,-1.2855600,-0.3801270,-0.8285840
0,8,0,0.0290000,0.0467000,0.0335000,0.0461000,0.0384000,0.2909600,0.3790150,0.0467000,-0.2494160,-0.0911243,-0.7806040
0,7,0,0.0309000,0.0618000,0.0367000,0.4028000,0.1496000,0.3020500,0.5000000,0.0618000,-1.2913600,-0.4583640,-0.7799930
0,7,0,0.0392000,0.0706000,0.0642000,0.2656000,0.2361000,0.2006370,0.4447590,0.0706000,-0.6694730,-0.0588001,-0.7260160
0,7,0,0.0316000,0.0688000,0.0428000,0.3760000,0.2023000,0.2831540,0.5406980,0.0688000,-1.0959700,-0.3003630,-0.7742400
0,7,0,0.0433000,0.0737000,0.0821000,0.3062000,0.2768000,0.1305840,0.4725940,0.0821000,-0.6275600,-0.0504288,-0.7039810
0,8,0,0.0063000,0.0184000,0.0148000,0.0210000,0.0228000,0.2162530,0.6576090,0.0184000,-0.1320880,0.0410959,-0.9455630
0,9,0,0.0856000,0.1108000,0.1552000,0.2246000,0.3088000,0.0603448,0.4484540,0.1552000,-0.0248725,0.1578550,-0.4857980
0,7,0,0.0353000,0.0716000,0.0510000,0.3212000,0.2150000,0.2612490,0.5069830,0.0716000,-0.9240140,-0.1980600,-0.7524990
0,9,0,0.0680000,0.0934000,0.1246000,0.2248000,0.2826000,0.0747939,0.4542540,0.1246000,-0.1728630,0.1139140,-0.5694940
0,7,0,0.0379000,0.0670000,0.0587000,0.4048000,0.2693000,0.2142040,0.4343280,0.0670000,-0.9477190,-0.2010090,-0.7327100
0,7,0,0.0415000,0.0850000,0.0598000,0.3420000,0.2454000,0.2632180,0.5117650,0.0850000,-0.8667930,-0.1644540,-0.7151310
0,7,0,0.0334000,0.0675000,0.0445000,0.3596000,0.2228000,0.2790810,0.5051850,0.0675000,-1.0146500,-0.2348900,-0.7642680
0,7,0,0.0746000,0.1122000,0.1104000,0.3768000,0.2904000,0.1746450,0.3351160,0.1122000,-0.6762940,-0.1294960,-0.4983410
0,7,0,0.0520000,0.0845000,0.0825000,0.3572000,0.2492000,0.1769230,0.3846150,0.0845000,-0.8028440,-0.1781000,-0.6397470
0,7,0,0.0443000,0.0836000,0.0592000,0.4184000,0.2541000,0.2701440,0.4700960,0.0836000,-0.9964060,-0.2443120,-0.6980290
0,7,0,0.0315000,0.0670000,0.0517000,0.4752000,0.2732000,0.2384980,0.5298510,0.0670000,-1.0736700,-0.2699090,-0.7754880
0,8,0,0.0147000,0.0534000,0.0177000,0.0295000,0.0236000,0.3204130,0.7247190,0.0534000,-0.3611110,-0.1111110,-0.8627460
0,8,0,0.0243000,0.0700000,0.0360000,0.0425000,0.0165000,0.2906640,0.6528570,0.0700000,-0.5234810,-0.4406780,-0.8063240
0,9,0,0.0720000,0.1090000,0.1252000,0.3448000,0.3513000,0.1159150,0.4249200,0.1252000,-0.4578960,0.0093377,-0.5448270
0,9,0,0.0817000,0.1078000,0.1508000,0.2258000,0.2948000,0.0629522,0.4582230,0.1508000,-0.0666109,0.1325390,-0.5047800
0,9,0,0.0811000,0.1094000,0.1548000,0.2172000,0.3127000,0.0639982,0.4760980,0.1548000,0.0124808,0.1802230,-0.5092710
0,7,0,0.0407000,0.0811000,0.0542000,0.3038000,0.2341000,0.2776400,0.4981500,0.0811000,-0.8267850,-0.1295780,-0.7199830
0,9,0,0.0772000,0.1066000,0.1440000,0.2160000,0.3026000,0.0733533,0.4638890,0.1440000,-0.0330120,0.1669880,-0.5262290
0,9,0,0.0691000,0.0984000,0.1434000,0.2068000,0.3008000,0.0657245,0.5181310,0.1434000,0.0041458,0.1851850,-0.5664600
0,9,0,0.0585000,0.0814000,0.0998000,0.1780000,0.2261000,0.0924132,0.4138280,0.0998000,-0.1624680,0.1190300,-0.6113920
0,9,0,0.0888000,0.1248000,0.1498000,0.3100000,0.3854000,0.0983606,0.4072100,0.1498000,-0.2399860,0.1084270,-0.4621280
0,9,0,0.1066000,0.1490000,0.1898000,0.3268000,0.3900000,0.0849359,0.4383560,0.1898000,-0.1770260,0.0881696,-0.3956920
0,9,0,0.0932000,0.1284000,0.1578000,0.3078000,0.3917000,0.0908153,0.4093790,0.1578000,-0.2022220,0.1199430,-0.4435620
0,9,0,0.0670000,0.0932000,0.1298000,0.2032000,0.3002000,0.0695329,0.4838210,0.1298000,-0.0277307,0.1926900,-0.5769380
1,6,0,0.1232000,0.1608000,0.1830000,0.3328000,0.3544000,0.1047940,0.3267760,0.1830000,-0.2589910,0.0314319,-0.2820380
0,9,0,0.1114000,0.1420000,0.1860000,0.2720000,0.4133000,0.0683646,0.4010750,0.1860000,0.0184141,0.2061870,-0.3663500
0,9,0,0.0698000,0.1030000,0.1228000,0.3082000,0.3640000,0.1044030,0.4315960,0.1228000,-0.3471510,0.0830110,-0.5569950
0,9,0,0.1040000,0.1412000,0.1794000,0.3168000,0.3479000,0.0822281,0.4202900,0.1794000,-0.2301160,0.0467880,-0.4016910
0,9,0,0.0906000,0.1222000,0.1562000,0.2632000,0.3780000,0.0802845,0.4199740,0.1562000,-0.0760871,0.1790390,-0.4578030
0,9,0,0.0856000,0.1208000,0.1310000,0.3360000,0.2876000,0.1292220,0.3465650,0.1310000,-0.5165860,-0.0776139,-0.4513830
0,9,0,0.1032000,0.1434000,0.1800000,0.3284000,0.3755000,0.0872396,0.4266670,0.1800000,-0.2249830,0.0669129,-0.4065930
0,9,0,0.1004000,0.1406000,0.1722000,0.3204000,0.3502000,0.0933148,0.4169570,0.1722000,-0.2564150,0.0444378,-0.4154360
0,8,0,0.0109000,0.0253000,0.0118000,0.0389000,0.0421000,0.3229170,0.5691700,0.0253000,-0.4950110,0.0395062,-0.9148820
1,3,0,0.1374000,0.1620000,0.1484000,0.3420000,0.2715000,0.2588080,0.1518520,0.1620000,-0.5096940,-0.1149140,0.0323342
1,2,0,0.0882000,0.1166000,0.1482000,0.3364000,0.2527000,0.0788889,0.4048580,0.1482000,-0.5304430,-0.1420810,-0.4640710
1,3,0,0.1842000,0.2266000,0.2500000,0.3500000,0.3161000,0.1073960,0.2632000,0.2500000,-0.2175600,-0.0508933,-0.0257209
1,3,0,0.1952000,0.2366000,0.2558000,0.3268000,0.3583000,0.1138610,0.2369040,0.2558000,-0.0758888,0.0459787,0.0383519
0,9,0,0.1238000,0.1468000,0.1740000,0.2940000,0.2626000,0.0763612,0.2885060,0.1740000,-0.3128240,-0.0564139,-0.2475770
1,3,0,0.1950000,0.2270000,0.2496000,0.3396000,0.3127000,0.0976801,0.2187500,0.2496000,-0.1939880,-0.0412387,0.0658695
1,3,0,0.1676000,0.1862000,0.2430000,0.3356000,0.3495000,0.0411140,0.3102880,0.2430000,-0.1397520,0.0202890,-0.1216150
0,7,0,0.1382000,0.1104000,0.1902000,0.2998000,0.3240000,0.9419380,0.4195580,0.1902000,-0.1848790,0.0387945,-0.3761460
0,9,0,0.0980000,0.1260000,0.1384000,0.3032000,0.2933000,0.1155120,0.2919080,0.1384000,-0.3897850,-0.0165968,-0.3567390
1,4,0,0.1512000,0.1952000,0.2236000,0.3094000,0.3105000,0.1012890,0.3237930,0.2236000,-0.1592010,0.0017745,-0.1830360
1,3,0,0.1824000,0.1924000,0.2220000,0.3420000,0.3520000,0.0420875,0.1783780,0.2220000,-0.1983570,0.0144092,0.1089510
0,9,0,0.1324000,0.1918000,0.2274000,0.4212000,0.3449000,0.1042110,0.4177660,0.2274000,-0.3983930,-0.0995954,-0.2950650
0,7,0,0.1096000,0.1030000,0.1408000,0.3252000,0.3613000,0.9708990,0.2684660,0.1408000,-0.3431230,0.0525856,-0.3119390
1,4,0,0.1010000,0.1316000,0.1288000,0.2552000,0.2786000,0.1819170,0.2325230,0.1316000,-0.2853300,0.0438366,-0.2771670
0,7,0,0.0460000,0.0826000,0.0720000,0.2850000,0.2529000,0.2149360,0.4430990,0.0826000,-0.6563150,-0.0596765,-0.6857520
0,7,0,0.0320000,0.0700000,0.0390000,0.3512000,0.2126000,0.3026320,0.5428570,0.0700000,-1.0459300,-0.2458320,-0.7715620
0,7,0,0.0230000,0.0520000,0.0253000,0.5976000,0.2760000,0.3201150,0.5576920,0.0520000,-1.2869000,-0.3681320,-0.8294220
0,7,0,0.0370000,0.0806000,0.0604000,0.2974000,0.2393000,0.2438840,0.5409430,0.0806000,-0.7706350,-0.1082540,-0.7406450
0,7,0,0.0529000,0.0876000,0.0764000,0.3140000,0.2301000,0.2204610,0.3961190,0.0876000,-0.7628060,-0.1542000,-0.6378060
0,9,0,0.0681000,0.0938000,0.0951000,0.2518000,0.2926000,0.1586420,0.2839120,0.0951000,-0.3767700,0.0749449,-0.4981690
0,7,0,0.0518000,0.0795000,0.0664000,0.2964000,0.2541000,0.2454870,0.3484280,0.0795000,-0.7107970,-0.0768392,-0.6284420
0,7,0,0.0520000,0.0825000,0.0688000,0.4016000,0.2687000,0.2415300,0.3696970,0.0825000,-0.9057520,-0.1982690,-0.6351150
0,7,0,0.0493000,0.0917000,0.0722000,0.3992000,0.2853000,0.2433180,0.4623770,0.0917000,-0.8600770,-0.1663990,-0.6689990
0,7,0,0.0820000,0.1104000,0.1152000,0.3312000,0.2426000,0.1425700,0.2881940,0.1152000,-0.6382800,-0.1544090,-0.4288470
0,7,0,0.0450000,0.0888000,0.0681000,0.3096000,0.2520000,0.2454340,0.4932430,0.0888000,-0.7419600,-0.1025640,-0.6948680
0,7,0,0.0474000,0.0920000,0.0702000,0.3608000,0.2480000,0.2481320,0.4847830,0.0920000,-0.8595280,-0.1852830,-0.6809890
0,7,0,0.0518000,0.1028000,0.0752000,0.3624000,0.2613000,0.2568630,0.4961090,0.1028000,-0.8184040,-0.1620970,-0.6567090
0,7,0,0.0646000,0.0956000,0.0915000,0.3648000,0.2792000,0.1887100,0.3242680,0.0956000,-0.7318670,-0.1329190,-0.5446190
0,7,0,0.0434000,0.0886000,0.0558000,0.3464000,0.2409000,0.2876110,0.5101580,0.0886000,-0.9021620,-0.1796360,-0.7040540
0,9,0,0.0452000,0.0722000,0.0753000,0.2484000,0.2733000,0.1495020,0.3997340,0.0753000,-0.4870260,0.0477286,-0.6829700
1,6,0,0.1370000,0.1550000,0.1562000,0.3292000,0.2826000,0.1562500,0.1229190,0.1562000,-0.4325760,-0.0761687,0.1192340
0,7,0,0.0324000,0.0798000,0.0391000,0.4212000,0.2238000,0.3097750,0.5939850,0.0798000,-1.1361600,-0.3060470,-0.7631290
0,7,0,0.0312000,0.0562000,0.0384000,0.3196000,0.1969000,0.2853330,0.4448400,0.0562000,-1.0230401,-0.2375610,-0.7756670
0,7,0,0.0700000,0.0913000,0.0943000,0.3038000,0.2638000,0.1460910,0.2576880,0.0943000,-0.5967220,-0.0704722,-0.4641870
0,9,0,0.0882000,0.1094000,0.1240000,0.2896000,0.2765000,0.0986964,0.2887100,0.1240000,-0.4235280,-0.0231408,-0.3990930
0,7,0,0.0580000,0.0798000,0.0776000,0.3432000,0.3033000,0.1834860,0.2731830,0.0798000,-0.6928960,-0.0617169,-0.5478540
0,7,0,0.0497000,0.0886000,0.0776000,0.3090000,0.2598000,0.2137960,0.4390520,0.0886000,-0.6850490,-0.0864979,-0.6641730
0,7,0,0.0522000,0.0900000,0.0714000,0.4208000,0.2545000,0.2486770,0.4200000,0.0900000,-0.9561350,-0.2462610,-0.6470590
0,7,0,0.0470000,0.0908000,0.0712000,0.3184000,0.2458000,0.2412480,0.4823790,0.0908000,-0.7631750,-0.1286780,-0.6831700
0,7,0,0.0638000,0.0964000,0.1018000,0.3888000,0.2987000,0.1429820,0.3732810,0.1018000,-0.7160530,-0.1310550,-0.5714410
0,7,0,0.0501000,0.0926000,0.0836000,0.3936000,0.2989000,0.2019610,0.4589630,0.0926000,-0.7863740,-0.1367510,-0.6642270
0,7,0,0.0918000,0.1128000,0.1260000,0.3504000,0.3067000,0.1023390,0.2714290,0.1260000,-0.5375370,-0.0665043,-0.3659240
0,7,0,0.0467000,0.0921000,0.0578000,0.3864000,0.2625000,0.2925840,0.4929420,0.0921000,-0.9306950,-0.1909390,-0.6851510
0,9,0,0.0766000,0.1154000,0.1202000,0.4016000,0.2807000,0.1483180,0.3627290,0.1202000,-0.7164820,-0.1771950,-0.5022040
0,7,0,0.0334000,0.0788000,0.0632000,0.3676000,0.2501000,0.2239350,0.5761420,0.0788000,-0.8968140,-0.1902220,-0.7593680
0,9,0,0.0844000,0.1094000,0.1310000,0.3184000,0.2575000,0.0894134,0.3557250,0.1310000,-0.5227480,-0.1057480,-0.4617090
1,2,0,0.1001000,0.1424000,0.1960000,0.2998000,0.3258000,0.0735141,0.4892860,0.1960000,-0.1677990,0.0415601,-0.4279760
0,9,0,0.0952000,0.1188000,0.1692000,0.2480000,0.4197000,0.0531531,0.4373520,0.1692000,0.0682732,0.2571510,-0.4420930
0,9,0,0.0618000,0.0927000,0.1244000,0.2784000,0.3504000,0.0822684,0.5032150,0.1244000,-0.2678200,0.1145040,-0.6035790
0,7,0,0.0727000,0.0927000,0.1060000,0.2532000,0.2476000,0.1001000,0.3141510,0.1060000,-0.4209820,-0.0111821,-0.4954190
1,6,0,0.1438000,0.1692000,0.1844000,0.3528000,0.2984000,0.1042690,0.2201740,0.1844000,-0.3970150,-0.0835381,-0.0884228
1,6,0,0.1470000,0.1902000,0.2398000,0.3188000,0.3648000,0.0775862,0.3869890,0.2398000,-0.0741342,0.0672908,-0.2348300
1,3,0,0.1792000,0.2032000,0.1938000,0.4016000,0.2762000,0.2319440,0.1181100,0.2032000,-0.5340190,-0.1850100,0.2648210
0,9,0,0.0924000,0.1324000,0.1540000,0.3252000,0.3838000,0.1082250,0.4000000,0.1540000,-0.2746100,0.0826516,-0.4440430
0,9,0,0.0616000,0.0951000,0.0924000,0.3768000,0.2747000,0.1800990,0.3522610,0.0951000,-0.7628530,-0.1567150,-0.5748400
0,7,0,0.0366000,0.0698000,0.0547000,0.3848000,0.2481000,0.2424700,0.4756450,0.0698000,-0.9670710,-0.2159900,-0.7440620
0,7,0,0.0658000,0.0982000,0.0976000,0.3352000,0.3397000,0.1697530,0.3299390,0.0982000,-0.5423160,0.0066676,-0.5412700
0,7,0,0.0540000,0.0844000,0.0778000,0.3312000,0.3135000,0.2028510,0.3601900,0.0844000,-0.6470140,-0.0274546,-0.6203240
0,7,0,0.0318000,0.0594000,0.0508000,0.3576000,0.2268000,0.2185990,0.4646460,0.0594000,-0.9750440,-0.2238190,-0.7733030
0,7,0,0.0464000,0.0778000,0.0664000,0.3580000,0.3010000,0.2271760,0.4035990,0.0778000,-0.7735820,-0.0864947,-0.6767750
0,9,0,0.0603000,0.0914000,0.0957000,0.3264000,0.3103000,0.1464220,0.3699060,0.0957000,-0.5718400,-0.0252866,-0.5889230
0,9,0,0.0617000,0.0994000,0.1146000,0.3038000,0.3524000,0.1187780,0.4616060,0.1146000,-0.3781360,0.0740628,-0.6022250
0,9,0,0.0930000,0.1224000,0.1572000,0.2734000,0.3574000,0.0763240,0.4083970,0.1572000,-0.1366920,0.1331640,-0.4441270
0,8,0,0.0235000,0.0430000,0.0352000,0.0470000,0.0372000,0.2333330,0.4534880,0.0430000,-0.2599420,-0.1163900,-0.8267830
0,7,0,0.0608000,0.0937000,0.0987000,0.3432000,0.3060000,0.1446790,0.3839920,0.0987000,-0.6105940,-0.0573013,-0.5910430
0,7,0,0.0486000,0.0809000,0.0740000,0.3672000,0.2790000,0.2022700,0.3992580,0.0809000,-0.8010410,-0.1364900,-0.6630280
0,9,0,0.0581000,0.0892000,0.0860000,0.4016000,0.2709000,0.1838160,0.3486550,0.0892000,-0.8416010,-0.1943490,-0.5925590
0,7,0,0.0520000,0.0817000,0.0744000,0.3044000,0.3142000,0.2076320,0.3635250,0.0817000,-0.5913380,0.0158422,-0.6329950
0,9,0,0.0794000,0.1044000,0.1466000,0.2162000,0.3287000,0.0620040,0.4583900,0.1466000,0.0146187,0.2064600,-0.5153640
1,4,0,0.0499000,0.0919000,0.0868000,0.2674000,0.3054000,0.1869050,0.4570180,0.0919000,-0.4435410,0.0663408,-0.6651600
1,3,0,0.0952000,0.1156000,0.1344000,0.2896000,0.3227000,0.0867347,0.2916670,0.1344000,-0.3119790,0.0540585,-0.3691130
1,4,0,0.0824000,0.0994000,0.1188000,0.2194000,0.2399000,0.0778388,0.3063970,0.1188000,-0.2528240,0.0446331,-0.4412010
1,6,0,0.1150000,0.1530000,0.1688000,0.2964000,0.3150000,0.1177200,0.3187200,0.1688000,-0.2438690,0.0304220,-0.3075160
1,6,0,0.1064000,0.1480000,0.1654000,0.2448000,0.3160000,0.1175140,0.3567110,0.1654000,-0.0666026,0.1269610,-0.3664180
1,6,0,0.1172000,0.1402000,0.1728000,0.2854000,0.3647000,0.0689448,0.3217590,0.1728000,-0.1237630,0.1219810,-0.3011960
1,6,0,0.2016000,0.2728000,0.2524000,0.3576000,0.3451000,0.2144190,0.2609970,0.2728000,-0.1902480,-0.0177885,0.0221113
1,6,0,0.1302000,0.1512000,0.1722000,0.3320000,0.2974000,0.0833333,0.2439020,0.1722000,-0.3719110,-0.0549730,-0.1723190
1,4,0,0.1256000,0.1632000,0.1522000,0.3760000,0.3200000,0.2154260,0.2303920,0.1632000,-0.5041630,-0.0804598,-0.1707150
1,3,0,0.1064000,0.1460000,0.1440000,0.3852000,0.2922000,0.1750840,0.2712330,0.1460000,-0.5930720,-0.1372900,-0.3001510
1,6,0,0.1150000,0.1442000,0.1698000,0.3124000,0.3051000,0.0888078,0.3227330,0.1698000,-0.3075500,-0.0118219,-0.3105020
1,4,0,0.0602000,0.0798000,0.0969000,0.1982000,0.2528000,0.0890100,0.3787410,0.0969000,-0.2222090,0.1210640,-0.5925500
0,7,0,0.0710000,0.0971000,0.1034000,0.2084000,0.2241000,0.1342590,0.3133460,0.1034000,-0.3004540,0.0363006,-0.5037750
1,4,0,0.0872000,0.1184000,0.1438000,0.2714000,0.3151000,0.0918728,0.3936020,0.1438000,-0.2328120,0.0745098,-0.4648330
1,6,0,0.1606000,0.1908000,0.2114000,0.3336000,0.2724000,0.0990813,0.2403030,0.2114000,-0.3252100,-0.1009900,-0.0639862
1,3,0,0.1348000,0.1676000,0.1712000,0.3632000,0.3087000,0.1501830,0.2126170,0.1712000,-0.4403950,-0.0811133,-0.1079080
1,4,0,0.1230000,0.1410000,0.1542000,0.2640000,0.2393000,0.0961538,0.2023350,0.1542000,-0.3116300,-0.0490761,-0.1350070
1,4,0,0.1106000,0.1462000,0.1650000,0.2614000,0.2645000,0.1090690,0.3296970,0.1650000,-0.2201840,0.0058947,-0.3329250
1,6,0,0.1022000,0.1278000,0.1372000,0.3208000,0.3144000,0.1219050,0.2551020,0.1372000,-0.4109490,-0.0100756,-0.3005390
0,7,0,0.1314000,0.1802000,0.1704000,0.3648000,0.3437000,0.2001370,0.2708100,0.1802000,-0.3930100,-0.0297812,-0.2009050
0,7,0,0.0726000,0.1056000,0.1094000,0.2658000,0.3156000,0.1494570,0.3363800,0.1094000,-0.3311890,0.0856553,-0.5091750
1,6,0,0.1506000,0.1806000,0.1846000,0.3580000,0.2802000,0.1470590,0.1841820,0.1846000,-0.4414780,-0.1219050,0.0011335
1,6,0,0.1266000,0.1314000,0.1512000,0.3284000,0.3159000,0.0325204,0.1626980,0.1512000,-0.3888750,-0.0194009,-0.0366310
0,7,0,0.0722000,0.1134000,0.1296000,0.1982000,0.2855000,0.1196280,0.4429010,0.1296000,-0.0287902,0.1804840,-0.5472500
0,7,0,0.1136000,0.1176000,0.1014000,0.3308000,0.2562000,0.4588480,0.1377550,0.1176000,-0.6578600,-0.1270870,-0.0789296
0,7,0,0.0968000,0.1150000,0.1252000,0.3046000,0.2542000,0.1068080,0.2268370,0.1252000,-0.5075970,-0.0901933,-0.2887110
0,7,0,0.0648000,0.0832000,0.0960000,0.3688000,0.3025000,0.0982906,0.3250000,0.0960000,-0.6856830,-0.0987636,-0.5439430
0,7,0,0.0858000,0.1092000,0.1266000,0.3352000,0.2417000,0.0955882,0.3222750,0.1266000,-0.6137840,-0.1620730,-0.4359230
0,7,0,0.0828000,0.1144000,0.1378000,0.3416000,0.2924000,0.0957576,0.3991290,0.1378000,-0.5027170,-0.0776025,-0.4867110
